iso,year,cell
AFG,2003,0.87978
AFG,2004,2.54662
AFG,2005,4.91711
AFG,2006,9.9133
AFG,2007,18.0167
AFG,2008,29.8268
AFG,2009,38.2289
AFG,2010,36.1187
AFG,2011,47.0152
AFG,2012,50.1967
AFG,2013,53.149
AFG,2014,56.1322
AFG,2015,58.256
AFG,2016,62.2553
AFG,2017,67.0508
AFG,2018,59.8109
AFG,2019,59.6471
AFG,2020,58.0461
AFG,2021,56.6945
AFG,2022,56.2655
AGO,2003,1.95054
AGO,2004,3.9784
AGO,2005,8.35159
AGO,2006,15.2614
AGO,2007,23.8782
AGO,2008,31.3891
AGO,2009,36.1789
AGO,2010,40.3668
AGO,2011,49.8515
AGO,2012,50.7801
AGO,2013,50.7735
AGO,2014,51.7384
AGO,2015,49.3097
AGO,2016,44.5502
AGO,2017,44.0682
AGO,2018,42.4589
AGO,2019,45.8065
AGO,2020,43.7804
AGO,2021,44.3869
AGO,2022,66.6008
ALB,2003,35.278
ALB,2004,40.6495
ALB,2005,49.7453
ALB,2006,62.6026
ALB,2007,76.8284
ALB,2008,62.1342
ALB,2009,83.1929
ALB,2010,91.9299
ALB,2011,106.474
ALB,2012,120.275
ALB,2013,126.772
ALB,2014,115.701
ALB,2015,117.33
ALB,2016,116.284
ALB,2017,125.1
ALB,2018,93.8031
ALB,2019,91.1635
ALB,2020,91.1881
ALB,2021,92.4843
ALB,2022,98.395
AND,2003,74.6812
AND,2004,78.5281
AND,2005,83.3882
AND,2006,86.7048
AND,2007,77.559
AND,2008,76.8932
AND,2009,76.9466
AND,2010,81.1526
AND,2011,83.6224
AND,2012,83.1208
AND,2013,85.0214
AND,2014,89.8341
AND,2015,98.8389
AND,2016,105.474
AND,2017,108.912
AND,2018,109.915
AND,2019,114.953
AND,2020,103.877
AND,2021,119.688
AND,2022,142.426
ARE,2003,70.8971
ARE,2004,83.1597
ARE,2005,97.1993
ARE,2006,110.185
ARE,2007,137.458
ARE,2008,148.473
ARE,2009,159.114
ARE,2010,157.473
ARE,2011,162.894
ARE,2012,183.741
ARE,2013,205.105
ARE,2014,204.192
ARE,2015,206.839
ARE,2016,220.412
ARE,2017,214.701
ARE,2018,214.842
ARE,2019,209.033
ARE,2020,194.468
ARE,2021,186.301
ARE,2022,195.625
ARG,2003,20.4096
ARG,2004,34.8114
ARG,2005,56.4973
ARG,2006,79.5273
ARG,2007,100.962
ARG,2008,115.052
ARG,2009,128.462
ARG,2010,138.252
ARG,2011,145.511
ARG,2012,152.574
ARG,2013,158.191
ARG,2014,142.325
ARG,2015,142.241
ARG,2016,145.147
ARG,2017,139.758
ARG,2018,131.224
ARG,2019,125.303
ARG,2020,121.181
ARG,2021,130.353
ARG,2022,131.484
ARM,2003,3.76374
ARM,2004,6.72643
ARM,2005,10.5791
ARM,2006,42.1272
ARM,2007,63.0765
ARM,2008,48.7164
ARM,2009,74.4012
ARM,2010,131.875
ARM,2011,109.85
ARM,2012,113.697
ARM,2013,114.5
ARM,2014,118.365
ARM,2015,118.599
ARM,2016,117.671
ARM,2017,119.676
ARM,2018,123.0
ARM,2019,124.614
ARM,2020,120.682
ARM,2021,125.395
ARM,2022,130.54
AUS,2003,72.3885
AUS,2004,82.2081
AUS,2005,90.7636
AUS,2006,95.9663
AUS,2007,101.458
AUS,2008,103.507
AUS,2009,101.914
AUS,2010,101.619
AUS,2011,105.824
AUS,2012,106.5
AUS,2013,107.332
AUS,2014,106.206
AUS,2015,107.608
AUS,2016,109.129
AUS,2017,107.8
AUS,2018,110.033
AUS,2019,109.753
AUS,2020,104.93
AUS,2021,105.119
AUS,2022,109.469
AUT,2003,89.5526
AUT,2004,97.7795
AUT,2005,105.296
AUT,2006,112.226
AUT,2007,119.466
AUT,2008,129.949
AUT,2009,137.015
AUT,2010,146.334
AUT,2011,155.155
AUT,2012,161.156
AUT,2013,156.483
AUT,2014,151.531
AUT,2015,155.837
AUT,2016,126.798
AUT,2017,123.415
AUT,2018,124.23
AUT,2019,120.776
AUT,2020,120.132
AUT,2021,121.358
AUT,2022,121.166
AZE,2003,12.5837
AZE,2004,17.156
AZE,2005,26.0781
AZE,2006,38.1512
AZE,2007,51.1876
AZE,2008,73.2222
AZE,2009,85.7487
AZE,2010,99.489
AZE,2011,109.334
AZE,2012,107.989
AZE,2013,106.583
AZE,2014,109.567
AZE,2015,109.682
AZE,2016,103.248
AZE,2017,101.59
AZE,2018,102.987
AZE,2019,106.328
AZE,2020,101.597
AZE,2021,105.694
AZE,2022,107.506
BDI,2003,0.90868
BDI,2004,1.37553
BDI,2005,2.01653
BDI,2006,2.54273
BDI,2007,3.30806
BDI,2008,5.65018
BDI,2009,10.2904
BDI,2010,17.8962
BDI,2011,19.7015
BDI,2012,22.3128
BDI,2013,24.3007
BDI,2014,29.5678
BDI,2015,45.2379
BDI,2016,47.6697
BDI,2017,51.4533
BDI,2018,53.2737
BDI,2019,53.2996
BDI,2020,52.5571
BDI,2021,59.7008
BDI,2022,56.26
BEL,2003,82.9377
BEL,2004,87.6255
BEL,2005,91.6576
BEL,2006,93.3538
BEL,2007,101.06
BEL,2008,105.901
BEL,2009,108.9
BEL,2010,111.132
BEL,2011,113.202
BEL,2012,110.856
BEL,2013,110.349
BEL,2014,113.6
BEL,2015,113.292
BEL,2016,110.749
BEL,2017,99.8304
BEL,2018,100.164
BEL,2019,100.165
BEL,2020,99.9101
BEL,2021,101.463
BEL,2022,101.68
BEN,2003,2.98462
BEN,2004,5.62957
BEN,2005,7.07639
BEN,2006,12.1442
BEN,2007,22.9147
BEN,2008,39.2846
BEN,2009,52.9301
BEN,2010,72.2115
BEN,2011,76.9318
BEN,2012,80.8629
BEN,2013,89.9019
BEN,2014,78.517
BEN,2015,82.0193
BEN,2016,76.0182
BEN,2017,72.8671
BEN,2018,76.408
BEN,2019,81.3235
BEN,2020,85.2391
BEN,2021,94.9183
BEN,2022,105.745
BFA,2003,1.81994
BFA,2004,2.93277
BFA,2005,4.54743
BFA,2006,7.07267
BFA,2007,12.5405
BFA,2008,19.82
BFA,2009,24.3387
BFA,2010,35.2848
BFA,2011,46.1058
BFA,2012,58.0942
BFA,2013,63.5243
BFA,2014,68.5396
BFA,2015,76.9373
BFA,2016,79.6698
BFA,2017,90.2081
BFA,2018,94.622
BFA,2019,97.1499
BFA,2020,102.973
BFA,2021,112.198
BFA,2022,119.463
BGD,2003,0.96829
BGD,2004,1.94647
BGD,2005,6.21909
BGD,2006,13.0671
BGD,2007,23.2247
BGD,2008,29.8647
BGD,2009,34.0413
BGD,2010,44.6275
BGD,2011,54.9307
BGD,2012,62.6684
BGD,2013,74.4595
BGD,2014,80.3128
BGD,2015,82.4276
BGD,2016,84.5595
BGD,2017,93.069
BGD,2018,98.9289
BGD,2019,100.4
BGD,2020,106.002
BGD,2021,110.012
BGD,2022,109.867
BGR,2003,44.8576
BGR,2004,61.0333
BGR,2005,81.1551
BGR,2006,108.025
BGR,2007,130.455
BGR,2008,138.397
BGR,2009,139.621
BGR,2010,137.14
BGR,2011,141.938
BGR,2012,147.338
BGR,2013,144.355
BGR,2014,131.335
BGR,2015,128.103
BGR,2016,125.906
BGR,2017,120.596
BGR,2018,119.395
BGR,2019,116.617
BGR,2020,114.597
BGR,2021,114.912
BGR,2022,116.679
BHR,2003,54.6188
BHR,2004,74.5619
BHR,2005,82.2539
BHR,2006,91.2343
BHR,2007,105.539
BHR,2008,128.559
BHR,2009,118.449
BHR,2010,129.158
BHR,2011,140.351
BHR,2012,174.62
BHR,2013,175.802
BHR,2014,177.4
BHR,2015,183.92
BHR,2016,209.489
BHR,2017,159.547
BHR,2018,139.735
BHR,2019,129.143
BHR,2020,119.412
BHR,2021,128.079
BHR,2022,139.636
BHS,2003,36.4188
BHS,2004,54.743
BHS,2005,66.2329
BHS,2006,72.6192
BHS,2007,105.849
BHS,2008,99.9805
BHS,2009,98.898
BHS,2010,116.572
BHS,2011,80.3784
BHS,2012,79.9001
BHS,2013,75.735
BHS,2014,82.3551
BHS,2015,80.7521
BHS,2016,92.8219
BHS,2017,90.5387
BHS,2018,98.9789
BHS,2019,107.812
BHS,2020,117.717
BHS,2021,100.257
BHS,2022,101.624
BIH,2003,25.7218
BIH,2004,33.9881
BIH,2005,38.9203
BIH,2006,46.4606
BIH,2007,61.0557
BIH,2008,80.532
BIH,2009,83.9539
BIH,2010,81.6019
BIH,2011,84.7529
BIH,2012,91.4833
BIH,2013,96.6063
BIH,2014,97.9342
BIH,2015,97.8678
BIH,2016,98.0144
BIH,2017,100.333
BIH,2018,102.187
BIH,2019,112.255
BIH,2020,106.375
BIH,2021,114.912
BIH,2022,118.944
BLR,2003,11.4045
BLR,2004,23.0022
BLR,2005,42.4035
BLR,2006,62.0314
BLR,2007,72.7795
BLR,2008,85.2943
BLR,2009,101.881
BLR,2010,108.873
BLR,2011,112.902
BLR,2012,112.822
BLR,2013,117.434
BLR,2014,120.366
BLR,2015,120.67
BLR,2016,120.432
BLR,2017,120.213
BLR,2018,122.57
BLR,2019,123.23
BLR,2020,125.165
BLR,2021,127.117
BLR,2022,128.315
BLZ,2003,22.899
BLZ,2004,27.6052
BLZ,2005,34.3187
BLZ,2006,40.9896
BLZ,2007,39.9574
BLZ,2008,52.5797
BLZ,2009,51.7517
BLZ,2010,60.6414
BLZ,2011,67.9524
BLZ,2012,51.5597
BLZ,2013,51.1128
BLZ,2014,49.3805
BLZ,2015,59.4798
BLZ,2016,61.1256
BLZ,2017,64.1586
BLZ,2018,64.7802
BLZ,2019,66.0705
BLZ,2020,67.5517
BLZ,2021,66.7769
BLZ,2022,67.175
BOL,2003,14.1298
BOL,2004,19.5647
BOL,2005,25.8676
BOL,2006,30.2062
BOL,2007,33.5993
BOL,2008,51.1488
BOL,2009,64.5389
BOL,2010,70.5073
BOL,2011,80.7163
BOL,2012,90.2756
BOL,2013,97.5951
BOL,2014,96.3264
BOL,2015,92.266
BOL,2016,90.3953
BOL,2017,96.6384
BOL,2018,99.4566
BOL,2019,100.149
BOL,2020,99.8988
BOL,2021,100.809
BOL,2022,101.572
BRA,2003,25.6741
BRA,2004,35.9135
BRA,2005,46.6789
BRA,2006,53.5317
BRA,2007,64.1626
BRA,2008,79.132
BRA,2009,88.1849
BRA,2010,101.667
BRA,2011,120.008
BRA,2012,126.132
BRA,2013,136.589
BRA,2014,140.305
BRA,2015,127.836
BRA,2016,120.101
BRA,2017,108.093
BRA,2018,101.602
BRA,2019,97.3747
BRA,2020,98.6456
BRA,2021,104.825
BRA,2022,101.245
BRB,2003,52.6759
BRB,2004,74.8745
BRB,2005,76.7344
BRB,2006,87.8212
BRB,2007,94.953
BRB,2008,105.848
BRB,2009,122.96
BRB,2010,127.183
BRB,2011,125.993
BRB,2012,126.128
BRB,2013,110.82
BRB,2014,109.739
BRB,2015,120.001
BRB,2016,118.816
BRB,2017,117.63
BRB,2018,117.319
BRB,2019,117.112
BRB,2020,104.722
BRB,2021,112.223
BRB,2022,114.581
BRN,2003,51.1674
BRN,2004,57.3669
BRN,2005,64.8898
BRN,2006,82.6517
BRN,2007,98.7233
BRN,2008,105.576
BRN,2009,107.255
BRN,2010,110.902
BRN,2011,110.96
BRN,2012,115.826
BRN,2013,114.011
BRN,2014,108.471
BRN,2015,109.751
BRN,2016,122.427
BRN,2017,125.87
BRN,2018,129.268
BRN,2019,129.845
BRN,2020,119.934
BRN,2021,133.597
BRN,2022,116.108
BTN,2003,0.35363
BTN,2004,2.94185
BTN,2005,5.43918
BTN,2006,12.2359
BTN,2007,22.0203
BTN,2008,36.9241
BTN,2009,48.8392
BTN,2010,56.1998
BTN,2011,68.2555
BTN,2012,78.1969
BTN,2013,75.0527
BTN,2014,85.1866
BTN,2015,91.241
BTN,2016,93.3821
BTN,2017,96.8566
BTN,2018,92.6023
BTN,2019,95.3473
BTN,2020,96.7703
BTN,2021,100.331
BTN,2022,95.1298
BWA,2003,25.0588
BWA,2004,28.9318
BWA,2005,30.6424
BWA,2006,43.9084
BWA,2007,60.2637
BWA,2008,76.1956
BWA,2009,94.1441
BWA,2010,116.246
BWA,2011,139.87
BWA,2012,146.149
BWA,2013,151.671
BWA,2014,157.018
BWA,2015,157.735
BWA,2016,147.173
BWA,2017,142.962
BWA,2018,147.065
BWA,2019,160.662
BWA,2020,161.859
BWA,2021,173.252
BWA,2022,178.205
CAF,2003,0.97488
CAF,2004,1.43102
CAF,2005,2.33165
CAF,2006,2.5128
CAF,2007,7.61859
CAF,2008,12.5028
CAF,2009,19.0689
CAF,2010,21.7946
CAF,2011,21.7402
CAF,2012,24.7918
CAF,2013,29.3015
CAF,2014,24.9962
CAF,2015,26.8397
CAF,2016,26.4836
CAF,2017,24.5204
CAF,2018,26.2216
CAF,2019,32.2627
CAF,2020,36.426
CAF,2021,35.817
CAF,2022,38.8218
CAN,2003,41.7477
CAN,2004,46.7437
CAN,2005,52.4553
CAN,2006,57.2331
CAN,2007,61.2755
CAN,2008,66.0481
CAN,2009,70.3945
CAN,2010,75.5197
CAN,2011,77.6723
CAN,2012,79.3757
CAN,2013,80.3549
CAN,2014,80.7902
CAN,2015,82.7674
CAN,2016,84.5919
CAN,2017,86.1024
CAN,2018,89.0495
CAN,2019,90.9589
CAN,2020,84.7748
CAN,2021,87.4056
CAN,2022,91.2387
CHE,2003,84.3941
CHE,2004,84.9756
CHE,2005,91.959
CHE,2006,99.4337
CHE,2007,108.793
CHE,2008,116.423
CHE,2009,120.483
CHE,2010,123.236
CHE,2011,127.397
CHE,2012,132.031
CHE,2013,136.551
CHE,2014,136.138
CHE,2015,135.723
CHE,2016,134.236
CHE,2017,131.17
CHE,2018,126.681
CHE,2019,126.921
CHE,2020,127.376
CHE,2021,123.212
CHE,2022,123.971
CHL,2003,45.3566
CHL,2004,57.2138
CHL,2005,64.6505
CHL,2006,75.4174
CHL,2007,83.7065
CHL,2008,87.871
CHL,2009,96.7107
CHL,2010,115.545
CHL,2011,128.605
CHL,2012,136.656
CHL,2013,133.778
CHL,2014,132.56
CHL,2015,128.584
CHL,2016,127.565
CHL,2017,124.001
CHL,2018,133.27
CHL,2019,130.493
CHL,2020,129.414
CHL,2021,136.572
CHL,2022,135.114
CHN,2003,20.8536
CHN,2004,25.7141
CHN,2005,30.0304
CHN,2006,34.9802
CHN,2007,41.2808
CHN,2008,48.0758
CHN,2009,55.6575
CHN,2010,63.5563
CHN,2011,72.5052
CHN,2012,81.2076
CHN,2013,89.1302
CHN,2014,92.6612
CHN,2015,92.5401
CHN,2016,97.2139
CHN,2017,104.073
CHN,2018,116.229
CHN,2019,122.67
CHN,2020,120.497
CHN,2021,121.492
CHN,2022,124.195
CIV,2003,6.69626
CIV,2004,8.54469
CIV,2005,11.7071
CIV,2006,19.7861
CIV,2007,35.5088
CIV,2008,48.5676
CIV,2009,59.9343
CIV,2010,69.3659
CIV,2011,75.4688
CIV,2012,77.1273
CIV,2013,80.9987
CIV,2014,90.122
CIV,2015,100.639
CIV,2016,105.625
CIV,2017,118.755
CIV,2018,123.098
CIV,2019,132.574
CIV,2020,138.664
CIV,2021,150.344
CIV,2022,161.232
CMR,2003,6.66446
CMR,2004,9.21627
CMR,2005,13.1922
CMR,2006,17.8682
CMR,2007,25.1303
CMR,2008,33.1693
CMR,2009,41.8758
CMR,2010,43.9121
CMR,2011,51.831
CMR,2012,62.9907
CMR,2013,73.1912
CMR,2014,77.24
CMR,2015,79.7801
CMR,2016,79.8046
CMR,2017,83.4503
CMR,2018,74.3995
CMR,2019,83.9044
CMR,2020,85.2722
CMR,2021,80.8081
CMR,2022,89.8274
COD,2003,2.25179
COD,2004,3.49263
COD,2005,4.67216
COD,2006,7.28434
COD,2007,10.551
COD,2008,15.4333
COD,2009,14.2422
COD,2010,17.2401
COD,2011,22.0819
COD,2012,27.4285
COD,2013,37.2505
COD,2014,47.3232
COD,2015,46.5879
COD,2016,34.4099
COD,2017,40.6223
COD,2018,40.5014
COD,2019,39.94
COD,2020,42.5028
COD,2021,47.2883
COD,2022,48.6774
COG,2003,9.57701
COG,2004,10.76
COG,2005,15.101
COG,2006,23.9093
COG,2007,32.349
COG,2008,43.9283
COG,2009,68.866
COG,2010,83.3372
COG,2011,84.2731
COG,2012,90.3529
COG,2013,95.9371
COG,2014,99.08
COG,2015,102.323
COG,2016,103.858
COG,2017,94.4868
COG,2018,91.189
COG,2019,91.0654
COG,2020,97.6561
COG,2021,95.8615
COG,2022,93.6259
COL,2003,15.1114
COL,2004,25.0356
COL,2005,51.8645
COL,2006,69.7165
COL,2007,78.5031
COL,2008,94.529
COL,2009,95.2296
COL,2010,99.3308
COL,2011,102.079
COL,2012,107.329
COL,2013,108.978
COL,2014,118.823
COL,2015,122.051
COL,2016,123.71
COL,2017,129.272
COL,2018,131.595
COL,2019,132.811
COL,2020,133.661
COL,2021,146.628
COL,2022,156.195
COM,2003,0.351
COM,2004,1.44273
COM,2005,2.61913
COM,2006,6.09786
COM,2007,10.0667
COM,2008,14.5781
COM,2009,19.0975
COM,2010,25.2396
COM,2011,32.3982
COM,2012,41.5931
COM,2013,49.9144
COM,2014,53.8297
COM,2015,58.4556
COM,2016,61.2598
COM,2017,61.9708
COM,2018,64.6591
COM,2019,73.1292
COM,2020,97.4339
COM,2021,104.311
COM,2022,100.549
CPV,2003,11.2683
CPV,2004,13.7222
CPV,2005,16.8457
CPV,2006,22.183
CPV,2007,30.6762
CPV,2008,55.3839
CPV,2009,57.419
CPV,2010,72.9468
CPV,2011,77.5113
CPV,2012,83.0757
CPV,2013,97.5075
CPV,2014,119.724
CPV,2015,119.336
CPV,2016,117.442
CPV,2017,119.374
CPV,2018,118.876
CPV,2019,115.868
CPV,2020,105.839
CPV,2021,114.231
CPV,2022,113.247
CRI,2003,18.805
CRI,2004,21.9778
CRI,2005,25.8447
CRI,2006,33.409
CRI,2007,34.4323
CRI,2008,42.4898
CRI,2009,43.3424
CRI,2010,68.6655
CRI,2011,90.0915
CRI,2012,115.312
CRI,2013,150.801
CRI,2014,147.267
CRI,2015,156.404
CRI,2016,171.166
CRI,2017,179.931
CRI,2018,171.357
CRI,2019,146.212
CRI,2020,149.223
CRI,2021,154.831
CRI,2022,154.989
CUB,2003,0.31541
CUB,2004,0.67443
CUB,2005,1.2034
CUB,2006,1.35403
CUB,2007,1.75642
CUB,2008,2.93786
CUB,2009,5.49953
CUB,2010,8.87827
CUB,2011,11.6368
CUB,2012,14.8776
CUB,2013,17.6639
CUB,2014,22.4243
CUB,2015,29.5816
CUB,2016,35.3989
CUB,2017,41.0193
CUB,2018,47.8602
CUB,2019,53.9383
CUB,2020,59.6059
CUB,2021,63.8661
CUB,2022,68.718
CYP,2003,76.3248
CYP,2004,89.8
CYP,2005,105.175
CYP,2006,114.499
CYP,2007,127.294
CYP,2008,127.587
CYP,2009,119.341
CYP,2010,123.133
CYP,2011,126.56
CYP,2012,128.298
CYP,2013,128.161
CYP,2014,131.145
CYP,2015,130.982
CYP,2016,132.637
CYP,2017,136.172
CYP,2018,137.045
CYP,2019,139.994
CYP,2020,138.388
CYP,2021,145.992
CYP,2022,151.241
CZE,2003,94.7289
CZE,2004,105.078
CZE,2005,114.55
CZE,2006,120.395
CZE,2007,127.967
CZE,2008,132.779
CZE,2009,125.349
CZE,2010,123.605
CZE,2011,125.46
CZE,2012,128.69
CZE,2013,130.521
CZE,2014,132.289
CZE,2015,118.34
CZE,2016,118.544
CZE,2017,119.874
CZE,2018,120.432
CZE,2019,124.126
CZE,2020,123.219
CZE,2021,126.173
CZE,2022,128.105
DEU,2003,78.917
DEU,2004,86.8798
DEU,2005,96.6169
DEU,2006,104.835
DEU,2007,118.37
DEU,2008,130.097
DEU,2009,129.733
DEU,2010,109.364
DEU,2011,112.419
DEU,2012,114.192
DEU,2013,123.435
DEU,2014,122.309
DEU,2015,117.401
DEU,2016,125.024
DEU,2017,132.003
DEU,2018,128.946
DEU,2019,128.292
DEU,2020,128.425
DEU,2021,127.125
DEU,2022,124.158
DJI,2003,2.82722
DJI,2004,4.17395
DJI,2005,5.24961
DJI,2006,5.23707
DJI,2007,7.9516
DJI,2008,12.6407
DJI,2009,14.1275
DJI,2010,17.803
DJI,2011,20.3518
DJI,2012,21.9776
DJI,2013,24.7885
DJI,2014,28.6271
DJI,2015,30.8092
DJI,2016,33.2718
DJI,2017,35.3657
DJI,2018,36.8545
DJI,2019,38.0144
DJI,2020,39.2725
DJI,2021,43.6424
DJI,2022,46.7771
DMA,2003,34.7084
DMA,2004,60.9448
DMA,2005,75.654
DMA,2006,103.915
DMA,2007,129.272
DMA,2008,132.164
DMA,2009,143.036
DMA,2010,153.309
DMA,2011,157.74
DMA,2012,158.135
DMA,2013,134.225
DMA,2014,104.992
DMA,2015,109.72
DMA,2016,112.697
DMA,2017,109.831
DMA,2018,112.682
DMA,2019,115.103
DMA,2020,110.409
DMA,2021,92.5136
DMA,2022,85.1899
DNK,2003,88.4332
DNK,2004,95.6022
DNK,2005,100.547
DNK,2006,107.186
DNK,2007,115.497
DNK,2008,119.353
DNK,2009,123.727
DNK,2010,115.734
DNK,2011,128.763
DNK,2012,130.416
DNK,2013,125.213
DNK,2014,126.869
DNK,2015,124.554
DNK,2016,121.941
DNK,2017,123.862
DNK,2018,124.55
DNK,2019,124.573
DNK,2020,124.37
DNK,2021,125.604
DNK,2022,126.484
DOM,2003,23.2936
DOM,2004,27.8319
DOM,2005,39.2767
DOM,2006,49.3049
DOM,2007,58.3022
DOM,2008,75.32
DOM,2009,89.0106
DOM,2010,90.5563
DOM,2011,88.1874
DOM,2012,88.7173
DOM,2013,90.2547
DOM,2014,80.4955
DOM,2015,84.3066
DOM,2016,82.5303
DOM,2017,82.2092
DOM,2018,82.8937
DOM,2019,82.1376
DOM,2020,81.6619
DOM,2021,87.5208
DOM,2022,90.376
DZA,2003,4.49694
DZA,2004,14.9637
DZA,2005,41.2614
DZA,2006,62.4502
DZA,2007,80.6177
DZA,2008,77.6388
DZA,2009,92.2215
DZA,2010,90.5824
DZA,2011,96.5113
DZA,2012,99.6853
DZA,2013,102.871
DZA,2014,110.44
DZA,2015,108.016
DZA,2016,115.154
DZA,2017,109.97
DZA,2018,110.938
DZA,2019,104.922
DZA,2020,103.437
DZA,2021,105.037
DZA,2022,107.787
ECU,2003,17.9338
ECU,2004,26.0434
ECU,2005,45.1124
ECU,2006,60.2369
ECU,2007,69.3707
ECU,2008,80.1668
ECU,2009,89.3147
ECU,2010,98.0369
ECU,2011,100.042
ECU,2012,105.68
ECU,2013,105.182
ECU,2014,103.559
ECU,2015,79.5746
ECU,2016,84.1088
ECU,2017,87.4214
ECU,2018,92.5118
ECU,2019,91.4249
ECU,2020,88.2555
ECU,2021,94.9506
ECU,2022,98.1309
EGY,2003,7.44671
EGY,2004,9.61664
EGY,2005,16.8057
EGY,2006,21.7666
EGY,2007,35.7084
EGY,2008,48.0833
EGY,2009,63.2585
EGY,2010,79.2199
EGY,2011,91.5823
EGY,2012,103.905
EGY,2013,104.585
EGY,2014,97.7313
EGY,2015,94.3962
EGY,2016,96.2092
EGY,2017,99.2884
EGY,2018,88.7421
EGY,2019,88.6448
EGY,2020,87.2317
EGY,2021,84.0866
EGY,2022,90.6795
ESP,2003,87.5626
ESP,2004,89.3326
ESP,2005,97.1228
ESP,2006,102.236
ESP,2007,106.384
ESP,2008,107.328
ESP,2009,109.472
ESP,2010,109.712
ESP,2011,111.899
ESP,2012,107.756
ESP,2013,107.039
ESP,2014,108.746
ESP,2015,109.391
ESP,2016,110.247
ESP,2017,112.03
ESP,2018,115.009
ESP,2019,116.696
ESP,2020,116.712
ESP,2021,119.0
ESP,2022,123.4
EST,2003,76.6124
EST,2004,92.1518
EST,2005,106.676
EST,2006,123.151
EST,2007,125.445
EST,2008,121.494
EST,2009,117.685
EST,2010,124.136
EST,2011,136.065
EST,2012,151.197
EST,2013,146.247
EST,2014,144.361
EST,2015,144.803
EST,2016,144.235
EST,2017,144.557
EST,2018,145.543
EST,2019,147.047
EST,2020,144.832
EST,2021,148.74
EST,2022,152.271
FIN,2003,91.064
FIN,2004,95.4066
FIN,2005,100.456
FIN,2006,107.667
FIN,2007,114.962
FIN,2008,128.543
FIN,2009,144.226
FIN,2010,156.432
FIN,2011,165.917
FIN,2012,172.147
FIN,2013,136.259
FIN,2014,139.199
FIN,2015,134.974
FIN,2016,131.383
FIN,2017,129.983
FIN,2018,129.629
FIN,2019,129.488
FIN,2020,128.761
FIN,2021,129.036
FIN,2022,128.023
FJI,2003,12.6843
FJI,2004,16.2621
FJI,2005,23.2326
FJI,2006,31.9713
FJI,2007,59.0364
FJI,2008,66.4158
FJI,2009,70.5437
FJI,2010,76.6592
FJI,2011,79.6286
FJI,2012,93.8673
FJI,2013,101.534
FJI,2014,95.4872
FJI,2015,105.157
FJI,2016,113.656
FJI,2017,112.534
FJI,2018,110.665
FJI,2019,112.581
FJI,2020,108.365
FJI,2021,108.158
FJI,2022,111.749
FRA,2003,68.6553
FRA,2004,72.8138
FRA,2005,78.0332
FRA,2006,83.2589
FRA,2007,88.6688
FRA,2008,92.3412
FRA,2009,91.7782
FRA,2010,91.1186
FRA,2011,93.8529
FRA,2012,97.1925
FRA,2013,98.3479
FRA,2014,101.132
FRA,2015,102.718
FRA,2016,103.817
FRA,2017,105.718
FRA,2018,107.482
FRA,2019,109.601
FRA,2020,110.387
FRA,2021,113.953
FRA,2022,115.951
GAB,2003,21.7022
GAB,2004,34.4235
GAB,2005,50.3377
GAB,2006,59.5349
GAB,2007,75.1171
GAB,2008,80.8873
GAB,2009,87.2676
GAB,2010,93.6112
GAB,2011,133.01
GAB,2012,138.488
GAB,2013,143.499
GAB,2014,148.238
GAB,2015,138.244
GAB,2016,141.05
GAB,2017,123.475
GAB,2018,132.465
GAB,2019,131.975
GAB,2020,131.302
GAB,2021,132.309
GAB,2022,123.233
GBR,2003,90.6985
GBR,2004,99.1988
GBR,2005,108.046
GBR,2006,114.786
GBR,2007,119.989
GBR,2008,120.819
GBR,2009,122.357
GBR,2010,121.781
GBR,2011,121.498
GBR,2012,122.465
GBR,2013,122.185
GBR,2014,120.958
GBR,2015,121.212
GBR,2016,119.787
GBR,2017,119.207
GBR,2018,118.184
GBR,2019,120.25
GBR,2020,117.305
GBR,2021,117.887
GBR,2022,119.834
GEO,2003,17.4086
GEO,2004,20.7256
GEO,2005,29.1672
GEO,2006,42.6335
GEO,2007,65.5238
GEO,2008,69.9049
GEO,2009,72.392
GEO,2010,102.113
GEO,2011,114.517
GEO,2012,122.384
GEO,2013,131.083
GEO,2014,142.391
GEO,2015,146.396
GEO,2016,145.881
GEO,2017,145.072
GEO,2018,143.858
GEO,2019,141.755
GEO,2020,134.366
GEO,2021,146.566
GEO,2022,154.014
GHA,2003,3.73546
GHA,2004,7.75095
GHA,2005,12.8046
GHA,2006,22.6002
GHA,2007,32.1629
GHA,2008,47.7132
GHA,2009,60.7695
GHA,2010,68.4473
GHA,2011,81.1104
GHA,2012,95.8262
GHA,2013,102.338
GHA,2014,108.27
GHA,2015,121.997
GHA,2016,130.481
GHA,2017,122.472
GHA,2018,133.61
GHA,2019,130.705
GHA,2020,126.887
GHA,2021,124.403
GHA,2022,120.803
GMB,2003,9.46368
GMB,2004,10.7937
GMB,2005,14.8454
GMB,2006,23.5732
GMB,2007,45.3269
GMB,2008,64.1491
GMB,2009,70.1538
GMB,2010,76.7323
GMB,2011,70.6308
GMB,2012,74.7
GMB,2013,87.8808
GMB,2014,105.505
GMB,2015,122.079
GMB,2016,124.274
GMB,2017,126.634
GMB,2018,132.578
GMB,2019,105.205
GMB,2020,106.448
GMB,2021,108.847
GMB,2022,106.782
GNB,2003,0.09668
GNB,2004,2.92324
GNB,2005,7.15302
GNB,2006,11.1163
GNB,2007,20.4153
GNB,2008,33.6114
GNB,2009,36.7108
GNB,2010,43.2449
GNB,2011,45.5597
GNB,2012,63.5329
GNB,2013,55.42
GNB,2014,63.6542
GNB,2015,69.3268
GNB,2016,70.1916
GNB,2017,76.4394
GNB,2018,77.0219
GNB,2019,80.8245
GNB,2020,95.0629
GNB,2021,108.63
GNB,2022,125.935
GNQ,2003,4.89466
GNQ,2004,6.87841
GNQ,2005,10.2283
GNQ,2006,12.117
GNQ,2007,14.4781
GNQ,2008,16.5971
GNQ,2009,17.6107
GNQ,2010,33.5796
GNQ,2011,38.5607
GNQ,2012,38.7386
GNQ,2013,37.9421
GNQ,2014,36.9002
GNQ,2015,36.6825
GNQ,2016,38.1684
GNQ,2017,36.2336
GNQ,2018,36.576
GNQ,2019,36.9422
GNQ,2020,43.3495
GNQ,2021,46.4348
GNQ,2022,49.538
GRC,2003,81.8448
GRC,2004,85.1742
GRC,2005,93.4349
GRC,2006,99.6707
GRC,2007,111.309
GRC,2008,124.578
GRC,2009,119.689
GRC,2010,110.5
GRC,2011,109.174
GRC,2012,120.926
GRC,2013,114.143
GRC,2014,111.488
GRC,2015,116.133
GRC,2016,116.365
GRC,2017,120.306
GRC,2018,113.418
GRC,2019,110.855
GRC,2020,106.67
GRC,2021,108.644
GRC,2022,109.027
GRD,2003,38.8423
GRD,2004,39.6193
GRD,2005,42.7014
GRD,2006,41.9422
GRD,2007,46.4894
GRD,2008,54.1246
GRD,2009,102.849
GRD,2010,109.284
GRD,2011,107.83
GRD,2012,115.196
GRD,2013,117.194
GRD,2014,102.645
GRD,2015,104.439
GRD,2016,103.338
GRD,2017,98.0414
GRD,2018,102.619
GRD,2019,100.175
GRD,2020,102.079
GRD,2021,86.571
GRD,2022,95.7592
GTM,2003,16.2446
GTM,2004,24.7377
GTM,2005,34.4605
GTM,2006,53.7031
GTM,2007,87.1486
GTM,2008,107.273
GTM,2009,121.75
GTM,2010,124.606
GTM,2011,131.686
GTM,2012,137.757
GTM,2013,141.131
GTM,2014,107.844
GTM,2015,113.459
GTM,2016,112.267
GTM,2017,120.638
GTM,2018,121.5
GTM,2019,122.044
GTM,2020,117.476
GTM,2021,125.719
GTM,2022,115.156
HND,2003,5.32871
HND,2004,9.68902
HND,2005,17.1356
HND,2006,29.2648
HND,2007,53.4134
HND,2008,77.5119
HND,2009,102.452
HND,2010,113.617
HND,2011,94.399
HND,2012,84.5665
HND,2013,87.3776
HND,2014,85.2365
HND,2015,87.1292
HND,2016,83.2181
HND,2017,85.8717
HND,2018,77.7101
HND,2019,76.0268
HND,2020,68.7836
HND,2021,73.4772
HND,2022,75.8551
HRV,2003,58.9154
HRV,2004,65.788
HRV,2005,84.6024
HRV,2006,101.84
HRV,2007,116.651
HRV,2008,105.566
HRV,2009,108.456
HRV,2010,114.582
HRV,2011,119.49
HRV,2012,116.719
HRV,2013,111.282
HRV,2014,105.732
HRV,2015,105.544
HRV,2016,106.718
HRV,2017,105.795
HRV,2018,109.034
HRV,2019,110.494
HRV,2020,110.666
HRV,2021,112.169
HRV,2022,114.677
HTI,2003,3.653
HTI,2004,4.48921
HTI,2005,5.5202
HTI,2006,13.02
HTI,2007,26.6715
HTI,2008,33.5754
HTI,2009,37.6487
HTI,2010,40.8026
HTI,2011,42.3605
HTI,2012,60.5272
HTI,2013,70.0445
HTI,2014,65.2575
HTI,2015,69.3703
HTI,2016,60.9477
HTI,2017,58.2918
HTI,2018,60.2323
HTI,2019,61.6234
HTI,2020,65.0934
HTI,2021,64.3452
HTI,2022,65.1889
HUN,2003,78.5895
HUN,2004,86.5295
HUN,2005,92.5916
HUN,2006,99.162
HUN,2007,109.925
HUN,2008,122.038
HUN,2009,117.909
HUN,2010,120.369
HUN,2011,117.526
HUN,2012,116.768
HUN,2013,117.2
HUN,2014,118.896
HUN,2015,100.624
HUN,2016,101.442
HUN,2017,101.629
HUN,2018,102.737
HUN,2019,105.142
HUN,2020,105.982
HUN,2021,105.137
HUN,2022,105.794
IDN,2003,8.21836
IDN,2004,13.3098
IDN,2005,20.3186
IDN,2006,27.2719
IDN,2007,39.3934
IDN,2008,58.5358
IDN,2009,67.2958
IDN,2010,85.7839
IDN,2011,100.135
IDN,2012,111.581
IDN,2013,122.425
IDN,2014,125.767
IDN,2015,129.469
IDN,2016,145.704
IDN,2017,162.783
IDN,2018,118.33
IDN,2019,125.244
IDN,2020,129.404
IDN,2021,132.199
IDN,2022,122.873
IND,2003,3.01665
IND,2004,4.59687
IND,2005,7.80652
IND,2006,14.1575
IND,2007,19.6208
IND,2008,28.7177
IND,2009,42.8461
IND,2010,60.4906
IND,2011,70.8726
IND,2012,67.6264
IND,2013,68.3967
IND,2014,71.9367
IND,2015,75.3793
IND,2016,83.9178
IND,2017,85.9704
IND,2018,85.5501
IND,2019,82.8981
IND,2020,82.254
IND,2021,81.604
IND,2022,80.1818
IRL,2003,87.6548
IRL,2004,94.9321
IRL,2005,102.761
IRL,2006,109.871
IRL,2007,113.138
IRL,2008,112.531
IRL,2009,103.766
IRL,2010,103.123
IRL,2011,107.135
IRL,2012,108.99
IRL,2013,105.538
IRL,2014,105.461
IRL,2015,104.243
IRL,2016,102.558
IRL,2017,101.842
IRL,2018,102.03
IRL,2019,104.598
IRL,2020,105.046
IRL,2021,106.87
IRL,2022,110.609
IRN,2003,5.01659
IRN,2004,7.22451
IRN,2005,11.8484
IRN,2006,20.963
IRN,2007,39.9047
IRN,2008,56.9429
IRN,2009,68.7372
IRN,2010,69.8155
IRN,2011,71.4984
IRN,2012,73.2734
IRN,2013,81.1372
IRN,2014,84.5269
IRN,2015,89.8322
IRN,2016,96.0722
IRN,2017,102.376
IRN,2018,103.024
IRN,2019,135.622
IRN,2020,145.486
IRN,2021,153.625
IRN,2022,162.713
IRQ,2003,0.29848
IRQ,2004,2.08138
IRQ,2005,5.39647
IRQ,2006,32.6573
IRQ,2007,49.3851
IRQ,2008,60.5053
IRQ,2009,66.9264
IRQ,2010,74.9368
IRQ,2011,79.3466
IRQ,2012,79.5012
IRQ,2013,91.9733
IRQ,2014,90.2871
IRQ,2015,89.3464
IRQ,2016,86.9439
IRQ,2017,84.9465
IRQ,2018,90.716
IRQ,2019,90.3685
IRQ,2020,88.9799
IRQ,2021,94.6093
IRQ,2022,99.1324
ISL,2003,96.5695
ISL,2004,99.2812
ISL,2005,95.3759
ISL,2006,99.3576
ISL,2007,104.636
ISL,2008,106.112
ISL,2009,106.623
ISL,2010,107.204
ISL,2011,107.817
ISL,2012,109.747
ISL,2013,109.997
ISL,2014,112.987
ISL,2015,116.004
ISL,2016,119.679
ISL,2017,116.796
ISL,2018,116.581
ISL,2019,114.623
ISL,2020,114.939
ISL,2021,117.343
ISL,2022,120.115
ISR,2003,101.777
ISR,2004,109.174
ISR,2005,115.291
ISR,2006,122.79
ISR,2007,127.857
ISR,2008,126.817
ISR,2009,125.2
ISR,2010,124.183
ISR,2011,123.142
ISR,2012,121.257
ISR,2013,122.59
ISR,2014,120.296
ISR,2015,131.257
ISR,2016,128.745
ISR,2017,126.049
ISR,2018,125.733
ISR,2019,135.143
ISR,2020,139.426
ISR,2021,139.775
ISR,2022,151.138
ITA,2003,98.3206
ITA,2004,107.861
ITA,2005,122.181
ITA,2006,136.871
ITA,2007,151.925
ITA,2008,151.676
ITA,2009,150.295
ITA,2010,155.684
ITA,2011,159.093
ITA,2012,160.559
ITA,2013,159.698
ITA,2014,148.217
ITA,2015,144.764
ITA,2016,142.127
ITA,2017,138.882
ITA,2018,138.265
ITA,2019,132.181
ITA,2020,129.49
ITA,2021,130.781
ITA,2022,131.674
JAM,2003,59.337
JAM,2004,68.7649
JAM,2005,73.7408
JAM,2006,84.2161
JAM,2007,98.9141
JAM,2008,99.9152
JAM,2009,108.004
JAM,2010,115.769
JAM,2011,106.698
JAM,2012,97.9263
JAM,2013,102.246
JAM,2014,107.579
JAM,2015,111.942
JAM,2016,116.279
JAM,2017,109.783
JAM,2018,105.137
JAM,2019,107.105
JAM,2020,101.502
JAM,2021,102.387
JAM,2022,105.762
JOR,2003,23.0817
JOR,2004,27.6112
JOR,2005,52.0384
JOR,2006,67.572
JOR,2007,69.8913
JOR,2008,76.0181
JOR,2009,84.2141
JOR,2010,90.7217
JOR,2011,100.029
JOR,2012,118.414
JOR,2013,129.057
JOR,2014,126.169
JOR,2015,144.561
JOR,2016,98.122
JOR,2017,94.8121
JOR,2018,83.4592
JOR,2019,72.8903
JOR,2020,64.3143
JOR,2021,65.7449
JOR,2022,67.7457
JPN,2003,67.8735
JPN,2004,71.5671
JPN,2005,75.4292
JPN,2006,77.9907
JPN,2007,83.8012
JPN,2008,86.1411
JPN,2009,90.7194
JPN,2010,96.1789
JPN,2011,103.642
JPN,2012,110.319
JPN,2013,115.787
JPN,2014,123.822
JPN,2015,126.151
JPN,2016,131.215
JPN,2017,135.986
JPN,2018,141.729
JPN,2019,147.21
JPN,2020,154.432
JPN,2021,159.516
JPN,2022,168.603
KAZ,2003,8.45049
KAZ,2004,15.4383
KAZ,2005,33.8049
KAZ,2006,48.2854
KAZ,2007,75.7982
KAZ,2008,90.7713
KAZ,2009,102.668
KAZ,2010,115.239
KAZ,2011,147.901
KAZ,2012,174.709
KAZ,2013,172.955
KAZ,2014,160.503
KAZ,2015,145.482
KAZ,2016,139.051
KAZ,2017,143.113
KAZ,2018,137.675
KAZ,2019,133.88
KAZ,2020,124.698
KAZ,2021,123.944
KAZ,2022,125.642
KEN,2003,4.72713
KEN,2004,7.33478
KEN,2005,12.8839
KEN,2006,19.8903
KEN,2007,29.8383
KEN,2008,41.584
KEN,2009,47.9215
KEN,2010,60.0234
KEN,2011,65.673
KEN,2012,70.0227
KEN,2013,70.7541
KEN,2014,73.0327
KEN,2015,80.0958
KEN,2016,80.9772
KEN,2017,87.0265
KEN,2018,98.5945
KEN,2019,106.548
KEN,2020,117.603
KEN,2021,122.298
KEN,2022,121.169
KGZ,2003,2.68013
KGZ,2004,5.06194
KGZ,2005,10.3244
KGZ,2006,23.8858
KGZ,2007,40.8089
KGZ,2008,63.5284
KGZ,2009,83.1255
KGZ,2010,96.0617
KGZ,2011,112.201
KGZ,2012,119.333
KGZ,2013,116.218
KGZ,2014,128.231
KGZ,2015,126.284
KGZ,2016,124.639
KGZ,2017,136.138
KGZ,2018,137.742
KGZ,2019,132.777
KGZ,2020,109.78
KGZ,2021,108.172
KGZ,2022,106.926
KHM,2003,3.81878
KHM,2004,6.50447
KHM,2005,7.90225
KHM,2006,12.623
KHM,2007,18.6632
KHM,2008,30.1491
KHM,2009,43.9034
KHM,2010,56.2094
KHM,2011,93.4415
KHM,2012,127.835
KHM,2013,133.581
KHM,2014,132.833
KHM,2015,133.458
KHM,2016,125.628
KHM,2017,115.551
KHM,2018,119.31
KHM,2019,129.957
KHM,2020,126.076
KHM,2021,117.235
KHM,2022,113.392
KIR,2003,0.55854
KIR,2004,0.64006
KIR,2005,0.66303
KIR,2006,0.69988
KIR,2007,0.7348
KIR,2008,0.95949
KIR,2009,9.30523
KIR,2010,9.74665
KIR,2011,12.4613
KIR,2012,16.0308
KIR,2013,17.5688
KIR,2014,26.0132
KIR,2015,35.0982
KIR,2016,43.89
KIR,2017,38.348
KIR,2018,43.6896
KIR,2019,44.1071
KIR,2020,43.3477
KIR,2021,40.998
KIR,2022,49.112
KNA,2003,47.6438
KNA,2004,62.6147
KNA,2005,109.826
KNA,2006,109.515
KNA,2007,138.098
KNA,2008,159.069
KNA,2009,160.926
KNA,2010,170.772
KNA,2011,164.228
KNA,2012,161.589
KNA,2013,163.59
KNA,2014,138.036
KNA,2015,155.051
KNA,2016,162.683
KNA,2017,163.396
KNA,2018,152.302
KNA,2019,138.916
KNA,2020,133.401
KNA,2021,121.256
KNA,2022,116.924
KOR,2003,70.6984
KOR,2004,76.705
KOR,2005,80.1275
KOR,2006,83.7326
KOR,2007,92.094
KOR,2008,94.3141
KOR,2009,98.759
KOR,2010,104.097
KOR,2011,106.878
KOR,2012,108.115
KOR,2013,109.206
KOR,2014,113.359
KOR,2015,115.595
KOR,2016,119.49
KOR,2017,123.642
KOR,2018,128.495
KOR,2019,133.08
KOR,2020,135.973
KOR,2021,140.516
KOR,2022,148.684
KWT,2003,67.3024
KWT,2004,82.2579
KWT,2005,61.7888
KWT,2006,49.8819
KWT,2007,56.8764
KWT,2008,56.5701
KWT,2009,93.6658
KWT,2010,135.19
KWT,2011,157.499
KWT,2012,152.831
KWT,2013,182.738
KWT,2014,207.324
KWT,2015,199.891
KWT,2016,191.294
KWT,2017,171.826
KWT,2018,164.22
KWT,2019,164.942
KWT,2020,153.866
KWT,2021,158.647
KWT,2022,168.35
LAO,2003,1.97045
LAO,2004,3.53172
LAO,2005,11.2024
LAO,2006,16.9299
LAO,2007,24.4114
LAO,2008,32.8857
LAO,2009,51.8236
LAO,2010,63.2029
LAO,2011,85.284
LAO,2012,65.9613
LAO,2013,69.7677
LAO,2014,68.9015
LAO,2015,54.7979
LAO,2016,57.2966
LAO,2017,52.8888
LAO,2018,51.3792
LAO,2019,64.0669
LAO,2020,63.114
LAO,2021,64.7101
LAO,2022,63.3546
LBN,2003,17.5773
LBN,2004,19.2301
LBN,2005,21.2703
LBN,2006,23.2877
LBN,2007,26.0109
LBN,2008,28.9725
LBN,2009,47.8802
LBN,2010,56.8042
LBN,2011,67.8304
LBN,2012,71.7218
LBN,2013,67.6382
LBN,2014,69.1237
LBN,2015,71.961
LBN,2016,67.642
LBN,2017,71.4122
LBN,2018,73.9321
LBN,2019,73.1365
LBN,2020,75.2003
LBN,2021,74.9935
LBN,2022,74.0148
LCA,2003,60.7451
LCA,2004,61.4957
LCA,2005,63.8598
LCA,2006,63.3705
LCA,2007,87.6262
LCA,2008,103.695
LCA,2009,111.697
LCA,2010,115.977
LCA,2011,126.035
LCA,2012,125.154
LCA,2013,122.319
LCA,2014,108.162
LCA,2015,107.339
LCA,2016,100.57
LCA,2017,100.2
LCA,2018,104.478
LCA,2019,83.1865
LCA,2020,81.8687
LCA,2021,96.2374
LCA,2022,98.6676
LIE,2003,73.3999
LIE,2004,74.1516
LIE,2005,79.2799
LIE,2006,82.2159
LIE,2007,90.8789
LIE,2008,95.926
LIE,2009,97.9926
LIE,2010,98.6139
LIE,2011,101.93
LIE,2012,98.59
LIE,2013,104.11
LIE,2014,109.388
LIE,2015,109.492
LIE,2016,117.767
LIE,2017,122.594
LIE,2018,123.979
LIE,2019,124.214
LIE,2020,126.105
LIE,2021,126.071
LIE,2022,126.307
LKA,2003,6.98394
LKA,2004,11.0076
LKA,2005,16.6288
LKA,2006,26.5939
LKA,2007,38.958
LKA,2008,53.7217
LKA,2009,78.556
LKA,2010,83.1421
LKA,2011,87.1979
LKA,2012,91.3242
LKA,2013,95.1136
LKA,2014,102.671
LKA,2015,109.985
LKA,2016,117.738
LKA,2017,127.67
LKA,2018,136.084
LKA,2019,126.514
LKA,2020,131.773
LKA,2021,135.523
LKA,2022,151.727
LSO,2003,6.3449
LSO,2004,9.95435
LSO,2005,12.7894
LSO,2006,18.4011
LSO,2007,24.6999
LSO,2008,30.1655
LSO,2009,33.369
LSO,2010,49.4651
LSO,2011,61.1891
LSO,2012,75.9364
LSO,2013,87.0553
LSO,2014,102.822
LSO,2015,101.688
LSO,2016,107.158
LSO,2017,110.37
LSO,2018,72.4555
LSO,2019,76.1125
LSO,2020,69.8944
LSO,2021,80.5368
LSO,2022,68.1001
LTU,2003,61.553
LTU,2004,90.3593
LTU,2005,131.039
LTU,2006,144.296
LTU,2007,152.012
LTU,2008,157.032
LTU,2009,156.848
LTU,2010,157.89
LTU,2011,163.043
LTU,2012,167.226
LTU,2013,154.341
LTU,2014,145.494
LTU,2015,143.991
LTU,2016,146.55
LTU,2017,154.148
LTU,2018,134.334
LTU,2019,132.529
LTU,2020,131.341
LTU,2021,133.357
LTU,2022,135.834
LUX,2003,119.291
LUX,2004,102.554
LUX,2005,109.592
LUX,2006,150.783
LUX,2007,142.524
LUX,2008,144.584
LUX,2009,144.524
LUX,2010,143.277
LUX,2011,147.512
LUX,2012,143.388
LUX,2013,145.093
LUX,2014,144.244
LUX,2015,141.659
LUX,2016,130.933
LUX,2017,133.111
LUX,2018,131.327
LUX,2019,131.87
LUX,2020,132.909
LUX,2021,136.871
LUX,2022,139.651
LVA,2003,53.2791
LVA,2004,67.8708
LVA,2005,83.5617
LVA,2006,98.4076
LVA,2007,100.738
LVA,2008,105.552
LVA,2009,107.542
LVA,2010,109.928
LVA,2011,112.091
LVA,2012,129.305
LVA,2013,127.073
LVA,2014,119.55
LVA,2015,130.949
LVA,2016,135.227
LVA,2017,126.847
LVA,2018,107.397
LVA,2019,108.222
LVA,2020,107.902
LVA,2021,114.645
LVA,2022,115.203
MAR,2003,24.8885
MAR,2004,31.1717
MAR,2005,40.822
MAR,2006,52.0121
MAR,2007,64.2243
MAR,2008,72.1861
MAR,2009,79.0201
MAR,2010,98.507
MAR,2011,111.064
MAR,2012,116.972
MAR,2013,125.56
MAR,2014,128.972
MAR,2015,124.48
MAR,2016,118.532
MAR,2017,123.894
MAR,2018,124.828
MAR,2019,128.875
MAR,2020,135.088
MAR,2021,138.911
MAR,2022,141.87
MCO,2003,46.5837
MCO,2004,48.751
MCO,2005,53.3716
MCO,2006,57.1077
MCO,2007,64.0764
MCO,2008,69.1042
MCO,2009,71.0666
MCO,2010,70.6028
MCO,2011,93.6458
MCO,2012,95.6325
MCO,2013,100.048
MCO,2014,93.2103
MCO,2015,92.5538
MCO,2016,89.3256
MCO,2017,87.5259
MCO,2018,85.6765
MCO,2019,88.6484
MCO,2020,93.2589
MCO,2021,97.1423
MCO,2022,100.062
MDA,2003,11.6213
MDA,2004,19.4481
MDA,2005,27.3224
MDA,2006,34.6351
MDA,2007,48.8869
MDA,2008,64.1199
MDA,2009,57.644
MDA,2010,70.2257
MDA,2011,90.442
MDA,2012,102.919
MDA,2013,108.452
MDA,2014,111.829
MDA,2015,112.959
MDA,2016,117.008
MDA,2017,117.321
MDA,2018,115.32
MDA,2019,116.105
MDA,2020,111.445
MDA,2021,128.984
MDA,2022,137.183
MDG,2003,1.56966
MDG,2004,1.79446
MDG,2005,2.66324
MDG,2006,5.30076
MDG,2007,10.9142
MDG,2008,23.1088
MDG,2009,29.1628
MDG,2010,34.7636
MDG,2011,38.0364
MDG,2012,37.4155
MDG,2013,35.0949
MDG,2014,39.2253
MDG,2015,42.0572
MDG,2016,30.6447
MDG,2017,32.5906
MDG,2018,38.7516
MDG,2019,46.078
MDG,2020,54.8085
MDG,2021,53.9177
MDG,2022,64.7495
MDV,2003,22.4175
MDV,2004,37.5717
MDV,2005,66.4493
MDV,2006,86.3636
MDV,2007,96.6284
MDV,2008,129.585
MDV,2009,131.439
MDV,2010,137.018
MDV,2011,141.955
MDV,2012,144.912
MDV,2013,156.263
MDV,2014,160.975
MDV,2015,172.786
MDV,2016,183.197
MDV,2017,196.41
MDV,2018,181.343
MDV,2019,169.774
MDV,2020,142.936
MDV,2021,136.789
MDV,2022,136.459
MEX,2003,29.2272
MEX,2004,36.8327
MEX,2005,44.5403
MEX,2006,51.649
MEX,2007,61.1904
MEX,2008,68.2256
MEX,2009,74.2802
MEX,2010,80.4263
MEX,2011,82.0725
MEX,2012,86.2256
MEX,2013,90.2012
MEX,2014,87.6145
MEX,2015,88.9454
MEX,2016,91.3942
MEX,2017,92.6494
MEX,2018,96.4612
MEX,2019,97.0359
MEX,2020,96.9237
MEX,2021,99.0948
MEX,2022,105.713
MKD,2003,37.2824
MKD,2004,47.2352
MKD,2005,54.1201
MKD,2006,60.4931
MKD,2007,86.1891
MKD,2008,95.0115
MKD,2009,94.3035
MKD,2010,104.968
MKD,2011,108.468
MKD,2012,110.268
MKD,2013,111.125
MKD,2014,111.343
MKD,2015,105.212
MKD,2016,104.55
MKD,2017,103.459
MKD,2018,102.572
MKD,2019,101.232
MKD,2020,99.4724
MKD,2021,104.875
MKD,2022,111.303
MLI,2003,1.94895
MLI,2004,3.10524
MLI,2005,5.62823
MLI,2006,10.8144
MLI,2007,17.5054
MLI,2008,23.0146
MLI,2009,28.8979
MLI,2010,46.6622
MLI,2011,65.7107
MLI,2012,86.1757
MLI,2013,113.115
MLI,2014,130.44
MLI,2015,122.083
MLI,2016,105.348
MLI,2017,111.21
MLI,2018,107.404
MLI,2019,108.815
MLI,2020,116.587
MLI,2021,108.693
MLI,2022,112.12
MLT,2003,71.0371
MLT,2004,74.5055
MLT,2005,78.3848
MLT,2006,83.468
MLT,2007,88.3348
MLT,2008,92.044
MLT,2009,100.306
MLT,2010,107.791
MLT,2011,122.872
MLT,2012,124.757
MLT,2013,129.922
MLT,2014,125.719
MLT,2015,117.794
MLT,2016,128.599
MLT,2017,129.249
MLT,2018,127.094
MLT,2019,125.866
MLT,2020,122.176
MLT,2021,123.941
MLT,2022,132.861
MMR,2003,0.14253
MMR,2004,0.19642
MMR,2005,0.2713
MMR,2006,0.44829
MMR,2007,0.51458
MMR,2008,0.75921
MMR,2009,1.03165
MMR,2010,1.21164
MMR,2011,2.51644
MMR,2012,7.48356
MMR,2013,13.5934
MMR,2014,57.2778
MMR,2015,80.2397
MMR,2016,98.2343
MMR,2017,92.3918
MMR,2018,116.972
MMR,2019,155.669
MMR,2020,148.158
MMR,2021,127.241
MMR,2022,107.535
MNG,2003,12.6497
MNG,2004,16.8592
MNG,2005,21.7365
MNG,2006,29.9796
MNG,2007,45.8052
MNG,2008,66.9284
MNG,2009,84.3808
MNG,2010,92.9208
MNG,2011,107.181
MNG,2012,120.739
MNG,2013,100.901
MNG,2014,103.92
MNG,2015,103.078
MNG,2016,110.746
MNG,2017,125.184
MNG,2018,133.284
MNG,2019,136.719
MNG,2020,132.61
MNG,2021,140.352
MNG,2022,142.809
MOZ,2003,2.24704
MOZ,2004,3.56849
MOZ,2005,7.40692
MOZ,2006,11.2537
MOZ,2007,14.4675
MOZ,2008,20.1888
MOZ,2009,26.6651
MOZ,2010,31.4105
MOZ,2011,33.2163
MOZ,2012,36.1782
MOZ,2013,49.503
MOZ,2014,71.6701
MOZ,2015,75.8447
MOZ,2016,54.9641
MOZ,2017,42.162
MOZ,2018,48.5007
MOZ,2019,49.4351
MOZ,2020,50.2319
MOZ,2021,43.1636
MOZ,2022,45.8178
MRT,2003,12.5249
MRT,2004,18.2106
MRT,2005,25.3692
MRT,2006,35.1772
MRT,2007,45.7142
MRT,2008,65.7184
MRT,2009,66.4419
MRT,2010,81.8661
MRT,2011,94.6316
MRT,2012,111.231
MRT,2013,106.798
MRT,2014,97.5267
MRT,2015,91.8941
MRT,2016,88.4383
MRT,2017,96.7595
MRT,2018,105.275
MRT,2019,105.441
MRT,2020,126.277
MRT,2021,137.54
MRT,2022,109.884
MUS,2003,37.2277
MUS,2004,43.8266
MUS,2005,52.2447
MUS,2006,61.1178
MUS,2007,73.1476
MUS,2008,81.0663
MUS,2009,84.9704
MUS,2010,92.8426
MUS,2011,100.609
MUS,2012,115.252
MUS,2013,118.793
MUS,2014,127.863
MUS,2015,136.372
MUS,2016,140.424
MUS,2017,142.525
MUS,2018,148.817
MUS,2019,145.117
MUS,2020,149.07
MUS,2021,154.053
MUS,2022,164.309
MWI,2003,1.10917
MWI,2004,1.77698
MWI,2005,3.28008
MWI,2006,4.69867
MWI,2007,7.74032
MWI,2008,10.7873
MWI,2009,17.2665
MWI,2010,21.0257
MWI,2011,25.8864
MWI,2012,29.58
MWI,2013,32.7317
MWI,2014,33.8868
MWI,2015,38.4342
MWI,2016,40.8844
MWI,2017,43.0855
MWI,2018,38.1956
MWI,2019,46.7841
MWI,2020,51.217
MWI,2021,59.5599
MWI,2022,59.6496
MYS,2003,45.0737
MYS,2004,57.8498
MYS,2005,75.65
MYS,2006,73.6762
MYS,2007,86.4755
MYS,2008,100.518
MYS,2009,107.18
MYS,2010,118.157
MYS,2011,125.716
MYS,2012,139.315
MYS,2013,142.522
MYS,2014,146.366
MYS,2015,141.211
MYS,2016,136.725
MYS,2017,130.854
MYS,2018,128.873
MYS,2019,133.373
MYS,2020,129.018
MYS,2021,137.685
MYS,2022,138.208
NAM,2003,11.6649
NAM,2004,14.7314
NAM,2005,22.8242
NAM,2006,30.5663
NAM,2007,39.6448
NAM,2008,51.3909
NAM,2009,78.5396
NAM,2010,92.4288
NAM,2011,102.244
NAM,2012,97.821
NAM,2013,121.106
NAM,2014,115.52
NAM,2015,107.392
NAM,2016,109.05
NAM,2017,106.915
NAM,2018,107.06
NAM,2019,106.533
NAM,2020,106.207
NAM,2021,103.727
NAM,2022,100.558
NGA,2003,2.29549
NGA,2004,6.48476
NGA,2005,12.8171
NGA,2006,21.6815
NGA,2007,26.3563
NGA,2008,39.9686
NGA,2009,45.9849
NGA,2010,52.3861
NGA,2011,55.5301
NGA,2012,64.0053
NGA,2013,70.2825
NGA,2014,74.7513
NGA,2015,79.1045
NGA,2016,78.9701
NGA,2017,72.368
NGA,2018,84.284
NGA,2019,88.1169
NGA,2020,95.4357
NGA,2021,89.2916
NGA,2022,99.5852
NIC,2003,8.95623
NIC,2004,14.0079
NIC,2005,20.9539
NIC,2006,33.775
NIC,2007,45.5188
NIC,2008,55.733
NIC,2009,59.1267
NIC,2010,69.0594
NIC,2011,82.8921
NIC,2012,99.1601
NIC,2013,113.789
NIC,2014,116.507
NIC,2015,118.127
NIC,2016,124.273
NIC,2017,129.506
NIC,2018,116.272
NIC,2019,89.2773
NIC,2020,90.8141
NIC,2021,93.8165
NIC,2022,104.278
NLD,2003,80.6505
NLD,2004,90.1034
NLD,2005,96.1635
NLD,2006,104.863
NLD,2007,116.657
NLD,2008,124.28
NLD,2009,120.767
NLD,2010,114.357
NLD,2011,117.674
NLD,2012,116.564
NLD,2013,114.734
NLD,2014,114.867
NLD,2015,121.638
NLD,2016,121.42
NLD,2017,118.577
NLD,2018,121.162
NLD,2019,124.088
NLD,2020,121.423
NLD,2021,123.448
NLD,2022,115.821
NOR,2003,88.9622
NOR,2004,98.541
NOR,2005,102.841
NOR,2006,104.472
NOR,2007,106.979
NOR,2008,109.293
NOR,2009,110.892
NOR,2010,114.524
NOR,2011,115.596
NOR,2012,115.524
NOR,2013,112.046
NOR,2014,111.69
NOR,2015,110.118
NOR,2016,109.427
NOR,2017,108.393
NOR,2018,107.703
NOR,2019,108.005
NOR,2020,108.297
NOR,2021,109.586
NOR,2022,111.657
NPL,2003,0.31869
NPL,2004,0.44886
NPL,2005,0.86401
NPL,2006,4.35567
NPL,2007,12.2026
NPL,2008,15.5613
NPL,2009,20.6009
NPL,2010,33.6317
NPL,2011,48.6245
NPL,2012,60.3184
NPL,2013,77.4277
NPL,2014,83.1925
NPL,2015,98.8946
NPL,2016,114.898
NPL,2017,128.864
NPL,2018,139.526
NPL,2019,136.186
NPL,2020,131.921
NPL,2021,129.645
NPL,2022,133.273
NZL,2003,64.6102
NZL,2004,74.1201
NZL,2005,85.3687
NZL,2006,90.9217
NZL,2007,100.662
NZL,2008,108.404
NZL,2009,109.193
NZL,2010,108.331
NZL,2011,109.978
NZL,2012,111.568
NZL,2013,107.009
NZL,2014,112.757
NZL,2015,121.369
NZL,2016,129.381
NZL,2017,132.98
NZL,2018,128.937
NZL,2019,120.475
NZL,2020,123.001
NZL,2021,114.455
NZL,2022,115.984
OMN,2003,24.8935
OMN,2004,32.9697
OMN,2005,53.0901
OMN,2006,70.4453
OMN,2007,94.0855
OMN,2008,117.026
OMN,2009,138.05
OMN,2010,151.446
OMN,2011,147.926
OMN,2012,150.873
OMN,2013,149.209
OMN,2014,153.806
OMN,2015,155.756
OMN,2016,153.291
OMN,2017,148.822
OMN,2018,139.967
OMN,2019,138.232
OMN,2020,140.379
OMN,2021,135.077
OMN,2022,136.801
PAK,2003,1.43881
PAK,2004,2.93247
PAK,2005,7.27898
PAK,2006,19.2042
PAK,2007,34.0699
PAK,2008,46.4486
PAK,2009,48.5357
PAK,2010,49.7823
PAK,2011,53.4462
PAK,2012,57.8576
PAK,2013,60.5178
PAK,2014,63.3618
PAK,2015,57.9406
PAK,2016,62.0013
PAK,2017,64.7302
PAK,2018,67.8568
PAK,2019,71.666
PAK,2020,74.7332
PAK,2021,78.8012
PAK,2022,79.1051
PAN,2003,21.7068
PAN,2004,38.7539
PAN,2005,52.7838
PAN,2006,64.4277
PAN,2007,87.5824
PAN,2008,111.843
PAN,2009,170.203
PAN,2010,183.169
PAN,2011,182.359
PAN,2012,165.287
PAN,2013,162.199
PAN,2014,177.439
PAN,2015,144.997
PAN,2016,127.616
PAN,2017,128.826
PAN,2018,137.298
PAN,2019,137.57
PAN,2020,142.283
PAN,2021,147.9
PAN,2022,152.062
PER,2003,10.6247
PER,2004,14.6938
PER,2005,19.8688
PER,2006,32.1983
PER,2007,54.0374
PER,2008,72.9545
PER,2009,85.4778
PER,2010,100.1
PER,2011,110.774
PER,2012,99.4508
PER,2013,99.9174
PER,2014,105.858
PER,2015,112.405
PER,2016,119.655
PER,2017,124.233
PER,2018,132.157
PER,2019,122.79
PER,2020,119.854
PER,2021,129.994
PER,2022,124.119
PHL,2003,26.5656
PHL,2004,38.1227
PHL,2005,39.5144
PHL,2006,47.8934
PHL,2007,62.9643
PHL,2008,73.482
PHL,2009,80.084
PHL,2010,86.3116
PHL,2011,95.8688
PHL,2012,101.8
PHL,2013,100.732
PHL,2014,107.284
PHL,2015,111.893
PHL,2016,112.518
PHL,2017,110.962
PHL,2018,122.96
PHL,2019,151.007
PHL,2020,133.456
PHL,2021,144.424
PHL,2022,147.429
PNG,2003,0.28576
PNG,2004,0.76344
PNG,2005,1.14751
PNG,2006,1.48198
PNG,2007,4.30827
PNG,2008,12.1676
PNG,2009,19.1394
PNG,2010,25.0091
PNG,2011,30.5369
PNG,2012,33.5215
PNG,2013,36.1328
PNG,2014,39.4078
PNG,2015,40.7171
PNG,2016,42.2017
PNG,2017,43.7752
PNG,2018,45.7714
PNG,2019,47.1953
PNG,2020,49.0844
PNG,2021,48.1179
PNG,2022,49.1907
POL,2003,45.5487
POL,2004,60.5123
POL,2005,76.5033
POL,2006,96.5178
POL,2007,108.859
POL,2008,115.608
POL,2009,117.906
POL,2010,123.249
POL,2011,131.28
POL,2012,141.41
POL,2013,148.912
POL,2014,148.713
POL,2015,142.52
POL,2016,138.519
POL,2017,131.901
POL,2018,126.266
POL,2019,126.597
POL,2020,129.288
POL,2021,132.987
POL,2022,137.002
PRT,2003,95.6808
PRT,2004,100.856
PRT,2005,108.991
PRT,2006,116.175
PRT,2007,127.786
PRT,2008,132.99
PRT,2009,111.524
PRT,2010,115.425
PRT,2011,116.837
PRT,2012,113.359
PRT,2013,114.655
PRT,2014,114.313
PRT,2015,112.964
PRT,2016,111.847
PRT,2017,113.874
PRT,2018,114.859
PRT,2019,115.146
PRT,2020,114.276
PRT,2021,119.769
PRT,2022,122.801
PRY,2003,33.237
PRY,2004,32.4609
PRY,2005,34.6359
PRY,2006,58.724
PRY,2007,84.4403
PRY,2008,103.156
PRY,2009,99.0726
PRY,2010,103.187
PRY,2011,112.287
PRY,2012,115.206
PRY,2013,117.9
PRY,2014,120.354
PRY,2015,120.342
PRY,2016,119.848
PRY,2017,117.821
PRY,2018,115.75
PRY,2019,119.137
PRY,2020,119.1
PRY,2021,119.313
PRY,2022,128.088
PSE,2003,7.77179
PSE,2004,12.5642
PSE,2005,15.955
PSE,2006,22.5454
PSE,2007,27.3365
PSE,2008,34.3273
PSE,2009,45.9038
PSE,2010,64.8154
PSE,2011,70.093
PSE,2012,74.3646
PSE,2013,73.9291
PSE,2014,72.4102
PSE,2015,78.0924
PSE,2016,80.1511
PSE,2017,84.2594
PSE,2018,90.2055
PSE,2019,86.7372
PSE,2020,80.1298
PSE,2021,78.1621
PSE,2022,76.5666
QAT,2003,50.5632
QAT,2004,63.4052
QAT,2005,86.8374
QAT,2006,94.546
QAT,2007,104.601
QAT,2008,100.179
QAT,2009,122.869
QAT,2010,127.92
QAT,2011,127.128
QAT,2012,136.395
QAT,2013,162.86
QAT,2014,149.02
QAT,2015,154.098
QAT,2016,140.518
QAT,2017,147.358
QAT,2018,142.911
QAT,2019,140.017
QAT,2020,135.498
QAT,2021,137.71
QAT,2022,162.249
ROU,2003,32.602
ROU,2004,47.7283
ROU,2005,62.9515
ROU,2006,76.0183
ROU,2007,97.7446
ROU,2008,118.106
ROU,2009,121.981
ROU,2010,119.221
ROU,2011,115.472
ROU,2012,113.302
ROU,2013,114.191
ROU,2014,114.783
ROU,2015,116.35
ROU,2016,115.791
ROU,2017,113.767
ROU,2018,115.492
ROU,2019,116.252
ROU,2020,116.478
ROU,2021,119.123
ROU,2022,121.142
RUS,2003,24.785
RUS,2004,50.7798
RUS,2005,82.9888
RUS,2006,104.56
RUS,2007,119.005
RUS,2008,138.738
RUS,2009,159.902
RUS,2010,165.137
RUS,2011,141.451
RUS,2012,144.198
RUS,2013,150.964
RUS,2014,152.513
RUS,2015,156.419
RUS,2016,157.174
RUS,2017,155.486
RUS,2018,156.683
RUS,2019,163.646
RUS,2020,163.101
RUS,2021,169.073
RUS,2022,168.476
RWA,2003,1.52232
RWA,2004,1.55692
RWA,2005,2.46261
RWA,2006,3.37878
RWA,2007,6.6507
RWA,2008,13.4904
RWA,2009,24.1466
RWA,2010,34.3954
RWA,2011,42.0494
RWA,2012,52.5467
RWA,2013,60.2989
RWA,2014,68.167
RWA,2015,75.2543
RWA,2016,74.8502
RWA,2017,72.2765
RWA,2018,77.6795
RWA,2019,75.5985
RWA,2020,81.2379
RWA,2021,81.6382
RWA,2022,80.5952
SAU,2003,38.5283
SAU,2004,46.6498
SAU,2005,68.8923
SAU,2006,91.8024
SAU,2007,126.965
SAU,2008,154.587
SAU,2009,185.255
SAU,2010,204.969
SAU,2011,206.852
SAU,2012,195.843
SAU,2013,189.476
SAU,2014,181.857
SAU,2015,176.134
SAU,2016,156.041
SAU,2017,130.63
SAU,2018,136.046
SAU,2019,135.526
SAU,2020,139.444
SAU,2021,145.004
SAU,2022,149.798
SDN,2003,1.76355
SDN,2004,3.43152
SDN,2005,5.84708
SDN,2006,14.6382
SDN,2007,25.0826
SDN,2008,35.6634
SDN,2009,44.3746
SDN,2010,51.09
SDN,2011,69.3293
SDN,2012,74.9085
SDN,2013,73.1964
SDN,2014,71.5977
SDN,2015,69.8036
SDN,2016,67.3955
SDN,2017,67.0598
SDN,2018,68.0534
SDN,2019,72.4819
SDN,2020,75.2207
SDN,2021,71.7672
SDN,2022,70.2084
SEN,2003,7.29792
SEN,2004,10.2163
SEN,2005,15.3986
SEN,2006,25.9356
SEN,2007,30.8471
SEN,2008,44.727
SEN,2009,55.9396
SEN,2010,66.0344
SEN,2011,72.1733
SEN,2012,86.1775
SEN,2013,95.7911
SEN,2014,101.608
SEN,2015,102.509
SEN,2016,101.011
SEN,2017,101.831
SEN,2018,104.056
SEN,2019,109.342
SEN,2020,113.638
SEN,2021,115.325
SEN,2022,118.15
SGP,2003,86.4376
SGP,2004,95.6368
SGP,2005,102.723
SGP,2006,108.658
SGP,2007,128.882
SGP,2008,133.454
SGP,2009,138.567
SGP,2010,145.452
SGP,2011,150.404
SGP,2012,152.41
SGP,2013,156.679
SGP,2014,148.478
SGP,2015,149.006
SGP,2016,151.682
SGP,2017,149.568
SGP,2018,152.074
SGP,2019,159.347
SGP,2020,150.259
SGP,2021,157.978
SGP,2022,173.005
SLB,2003,0.22739
SLB,2004,0.6321
SLB,2005,1.24203
SLB,2006,1.42394
SLB,2007,2.17932
SLB,2008,5.89634
SLB,2009,9.64988
SLB,2010,21.6711
SLB,2011,49.7105
SLB,2012,52.675
SLB,2013,54.3084
SLB,2014,61.0619
SLB,2015,66.422
SLB,2016,62.8903
SLB,2017,67.865
SLB,2018,67.9775
SLB,2019,65.662
SLB,2020,63.6671
SLB,2021,62.1565
SLB,2022,62.0735
SLV,2003,19.1676
SLV,2004,30.5192
SLV,2005,40.1585
SLV,2006,64.1687
SLV,2007,102.122
SLV,2008,115.282
SLV,2009,125.097
SLV,2010,126.896
SLV,2011,136.551
SLV,2012,141.463
SLV,2013,146.476
SLV,2014,149.171
SLV,2015,150.948
SLV,2016,155.42
SLV,2017,152.539
SLV,2018,151.669
SLV,2019,167.089
SLV,2020,159.575
SLV,2021,176.973
SLV,2022,183.249
SMR,2003,60.6975
SMR,2004,60.5787
SMR,2005,60.0238
SMR,2006,60.0857
SMR,2007,59.6944
SMR,2008,82.1588
SMR,2009,99.5314
SMR,2010,99.8792
SMR,2011,110.246
SMR,2012,107.569
SMR,2013,109.399
SMR,2014,111.49
SMR,2015,108.032
SMR,2016,107.052
SMR,2017,110.536
SMR,2018,111.5
SMR,2019,111.823
SMR,2020,112.169
SMR,2021,115.701
SMR,2022,120.27
SOM,2003,2.01834
SOM,2004,4.86334
SOM,2005,4.69738
SOM,2006,5.01116
SOM,2007,5.29914
SOM,2008,5.37594
SOM,2009,5.35899
SOM,2010,5.28636
SOM,2011,14.5763
SOM,2012,18.4574
SOM,2013,40.2732
SOM,2014,41.231
SOM,2015,42.2685
SOM,2016,46.3667
SOM,2017,47.7253
SOM,2018,49.5263
SOM,2019,51.3194
SOM,2020,53.1133
SOM,2021,51.2059
SOM,2022,49.6801
STP,2003,3.133
STP,2004,4.91107
STP,2005,7.39487
STP,2006,11.1231
STP,2007,17.7366
STP,2008,29.0869
STP,2009,45.4471
STP,2010,56.5065
STP,2011,61.9653
STP,2012,64.4915
STP,2013,64.8875
STP,2014,65.3057
STP,2015,92.3511
STP,2016,87.4112
STP,2017,84.0523
STP,2018,77.3644
STP,2019,77.6791
STP,2020,80.1173
STP,2021,85.2578
STP,2022,86.7785
SUR,2003,33.2775
SUR,2004,41.4107
SUR,2005,44.8256
SUR,2006,60.9527
SUR,2007,71.5609
SUR,2008,122.31
SUR,2009,140.537
SUR,2010,94.7707
SUR,2011,95.9108
SUR,2012,101.144
SUR,2013,152.648
SUR,2014,161.252
SUR,2015,129.027
SUR,2016,137.281
SUR,2017,134.05
SUR,2018,125.48
SUR,2019,134.349
SUR,2020,146.875
SUR,2021,146.654
SUR,2022,149.052
SVK,2003,68.4271
SVK,2004,79.5226
SVK,2005,84.4454
SVK,2006,91.0056
SVK,2007,112.852
SVK,2008,102.62
SVK,2009,102.092
SVK,2010,109.888
SVK,2011,110.836
SVK,2012,112.759
SVK,2013,114.749
SVK,2014,117.781
SVK,2015,123.159
SVK,2016,128.792
SVK,2017,130.945
SVK,2018,133.04
SVK,2019,135.756
SVK,2020,133.633
SVK,2021,135.268
SVK,2022,136.029
SVN,2003,87.2851
SVN,2004,92.7311
SVN,2005,88.0975
SVN,2006,90.8372
SVN,2007,95.7428
SVN,2008,101.472
SVN,2009,103.185
SVN,2010,103.783
SVN,2011,105.845
SVN,2012,109.148
SVN,2013,111.045
SVN,2014,113.019
SVN,2015,114.271
SVN,2016,115.736
SVN,2017,118.462
SVN,2018,119.153
SVN,2019,120.569
SVN,2020,121.331
SVN,2021,123.363
SVN,2022,126.459
SWE,2003,98.2426
SWE,2004,97.6783
SWE,2005,100.822
SWE,2006,105.797
SWE,2007,110.588
SWE,2008,108.613
SWE,2009,112.273
SWE,2010,117.212
SWE,2011,121.219
SWE,2012,124.465
SWE,2013,125.142
SWE,2014,126.98
SWE,2015,128.974
SWE,2016,126.402
SWE,2017,124.473
SWE,2018,124.086
SWE,2019,125.457
SWE,2020,123.549
SWE,2021,124.961
SWE,2022,140.782
SWZ,2003,7.9685
SWZ,2004,13.5115
SWZ,2005,18.5353
SWZ,2006,23.0535
SWZ,2007,34.8399
SWZ,2008,48.4152
SWZ,2009,60.1213
SWZ,2010,65.2905
SWZ,2011,68.5737
SWZ,2012,71.6279
SWZ,2013,79.0272
SWZ,2014,80.683
SWZ,2015,82.3407
SWZ,2016,86.5588
SWZ,2017,88.713
SWZ,2018,89.2004
SWZ,2019,91.0519
SWZ,2020,104.747
SWZ,2021,118.627
SWZ,2022,121.492
SYC,2003,56.563
SYC,2004,61.6736
SYC,2005,65.8773
SYC,2006,77.833
SYC,2007,84.4864
SYC,2008,101.004
SYC,2009,118.2
SYC,2010,123.814
SYC,2011,130.477
SYC,2012,137.107
SYC,2013,133.986
SYC,2014,144.606
SYC,2015,138.249
SYC,2016,138.277
SYC,2017,148.792
SYC,2018,155.551
SYC,2019,164.617
SYC,2020,152.545
SYC,2021,149.479
SYC,2022,163.43
SYR,2003,6.62407
SYR,2004,12.7939
SYR,2005,15.6797
SYR,2006,23.8071
SYR,2007,29.8537
SYR,2008,32.6122
SYR,2009,45.6017
SYR,2010,52.0229
SYR,2011,56.4601
SYR,2012,57.0305
SYR,2013,56.7277
SYR,2014,69.2512
SYR,2015,73.6811
SYR,2016,69.5529
SYR,2017,80.0326
SYR,2018,87.4952
SYR,2019,87.1297
SYR,2020,79.1482
SYR,2021,78.5558
SYR,2022,78.6568
TCD,2003,0.68509
TCD,2004,1.23991
TCD,2005,2.03329
TCD,2006,4.35335
TCD,2007,8.28717
TCD,2008,13.9418
TCD,2009,19.1808
TCD,2010,23.3526
TCD,2011,28.739
TCD,2012,33.3229
TCD,2013,33.3154
TCD,2014,37.0123
TCD,2015,37.3153
TCD,2016,36.9556
TCD,2017,40.7649
TCD,2018,43.2279
TCD,2019,45.9379
TCD,2020,50.4343
TCD,2021,58.0323
TCD,2022,65.4378
TGO,2003,4.38771
TGO,2004,5.83805
TGO,2005,7.41937
TGO,2006,11.7791
TGO,2007,19.2349
TGO,2008,24.3302
TGO,2009,33.3849
TGO,2010,38.652
TGO,2011,38.9698
TGO,2012,46.6464
TGO,2013,58.5139
TGO,2014,60.4369
TGO,2015,63.3575
TGO,2016,70.0588
TGO,2017,75.3357
TGO,2018,74.3997
TGO,2019,73.7225
TGO,2020,75.164
TGO,2021,70.4497
TGO,2022,72.2148
THA,2003,33.3244
THA,2004,41.1989
THA,2005,46.1397
THA,2006,60.2777
THA,2007,78.945
THA,2008,91.4483
THA,2009,96.8163
THA,2010,104.589
THA,2011,112.233
THA,2012,122.432
THA,2013,134.367
THA,2014,138.281
THA,2015,145.933
THA,2016,168.881
THA,2017,170.784
THA,2018,175.266
THA,2019,181.222
THA,2020,162.328
THA,2021,168.485
THA,2022,176.223
TJK,2003,0.71512
TJK,2004,1.98806
TJK,2005,3.82687
TJK,2006,30.4638
TJK,2007,29.6445
TJK,2008,50.0588
TJK,2009,65.4186
TJK,2010,77.6363
TJK,2011,80.8201
TJK,2012,81.4566
TJK,2013,91.7288
TJK,2014,94.9386
TJK,2015,98.2087
TJK,2016,106.027
TJK,2017,109.004
TJK,2018,107.442
TJK,2019,115.373
TJK,2020,118.819
TJK,2021,116.225
TJK,2022,126.161
TLS,2003,2.18764
TLS,2004,2.76856
TLS,2005,3.48746
TLS,2006,5.02766
TLS,2007,7.78345
TLS,2008,12.1076
TLS,2009,33.141
TLS,2010,43.6092
TLS,2011,55.3186
TLS,2012,54.7192
TLS,2013,56.0976
TLS,2014,116.401
TLS,2015,114.234
TLS,2016,121.478
TLS,2017,124.36
TLS,2018,115.089
TLS,2019,109.555
TLS,2020,103.911
TLS,2021,102.669
TLS,2022,108.158
TON,2003,10.7214
TON,2004,15.6085
TON,2005,28.2689
TON,2006,28.2825
TON,2007,43.5929
TON,2008,47.1613
TON,2009,49.4389
TON,2010,50.5587
TON,2011,51.1295
TON,2012,52.1124
TON,2013,53.6992
TON,2014,63.7845
TON,2015,69.2709
TON,2016,75.8121
TON,2017,102.451
TON,2018,102.246
TON,2019,58.7722
TON,2020,58.6544
TON,2021,60.9802
TON,2022,61.7258
TTO,2003,25.1251
TTO,2004,48.4019
TTO,2005,68.3489
TTO,2006,111.783
TTO,2007,110.578
TTO,2008,131.633
TTO,2009,133.885
TTO,2010,136.605
TTO,2011,130.912
TTO,2012,134.184
TTO,2013,137.604
TTO,2014,139.365
TTO,2015,148.572
TTO,2016,150.717
TTO,2017,140.503
TTO,2018,134.143
TTO,2019,145.716
TTO,2020,134.231
TTO,2021,134.222
TTO,2022,133.632
TUN,2003,19.0389
TUN,2004,36.7464
TUN,2005,55.3921
TUN,2006,70.9333
TUN,2007,75.1086
TUN,2008,81.5941
TUN,2009,91.985
TUN,2010,103.235
TUN,2011,113.794
TUN,2012,116.66
TUN,2013,114.101
TUN,2014,126.692
TUN,2015,128.009
TUN,2016,123.883
TUN,2017,123.034
TUN,2018,125.533
TUN,2019,124.387
TUN,2020,124.042
TUN,2021,129.846
TUN,2022,131.875
TUR,2003,41.1128
TUR,2004,50.5995
TUR,2005,62.901
TUR,2006,75.1837
TUR,2007,87.5976
TUR,2008,91.9815
TUR,2009,86.6345
TUR,2010,84.2159
TUR,2011,88.0167
TUR,2012,90.0041
TUR,2013,91.1758
TUR,2014,92.1219
TUR,2015,92.0327
TUR,2016,91.9287
TUR,2017,93.6408
TUR,2018,94.9086
TUR,2019,94.6498
TUR,2020,95.3961
TUR,2021,99.5415
TUR,2022,103.721
TZA,2003,3.49964
TZA,2004,5.09582
TZA,2005,7.56468
TZA,2006,13.9199
TZA,2007,19.9153
TZA,2008,30.5534
TZA,2009,40.0364
TZA,2010,46.8824
TZA,2011,55.761
TZA,2012,57.4558
TZA,2013,56.2075
TZA,2014,63.2804
TZA,2015,76.2493
TZA,2016,74.3984
TZA,2017,71.7912
TZA,2018,75.7302
TZA,2019,80.5836
TZA,2020,84.0051
TZA,2021,86.0163
TZA,2022,93.016
UGA,2003,2.94538
UGA,2004,4.29039
UGA,2005,4.70367
UGA,2006,6.97652
UGA,2007,14.1477
UGA,2008,28.0124
UGA,2009,29.8359
UGA,2010,39.6047
UGA,2011,50.0591
UGA,2012,47.6343
UGA,2013,51.1323
UGA,2014,55.9572
UGA,2015,53.8756
UGA,2016,58.8634
UGA,2017,62.0968
UGA,2018,58.8754
UGA,2019,59.0598
UGA,2020,62.2824
UGA,2021,65.6221
UGA,2022,70.1401
UKR,2003,13.6577
UKR,2004,29.0897
UKR,2005,64.0054
UKR,2006,105.277
UKR,2007,119.088
UKR,2008,120.558
UKR,2009,119.456
UKR,2010,117.768
UKR,2011,121.942
UKR,2012,130.859
UKR,2013,138.441
UKR,2014,144.279
UKR,2015,142.003
UKR,2016,133.169
UKR,2017,131.357
UKR,2018,127.754
UKR,2019,130.629
UKR,2020,129.341
UKR,2021,135.026
UKR,2022,120.261
URY,2003,15.1631
URY,2004,18.2681
URY,2005,35.1492
URY,2006,70.8316
URY,2007,91.174
URY,2008,106.227
URY,2009,124.213
URY,2010,133.707
URY,2011,143.002
URY,2012,149.771
URY,2013,157.471
URY,2014,163.783
URY,2015,153.368
URY,2016,151.415
URY,2017,150.44
URY,2018,131.363
URY,2019,133.237
URY,2020,133.902
URY,2021,138.113
URY,2022,139.829
USA,2003,55.4096
USA,2004,63.1242
USA,2005,68.8835
USA,2006,76.8586
USA,2007,82.5923
USA,2008,85.6805
USA,2009,89.0461
USA,2010,91.6593
USA,2011,94.683
USA,2012,96.1284
USA,2013,97.0595
USA,2014,99.8396
USA,2015,101.832
USA,2016,102.752
USA,2017,102.381
USA,2018,103.935
USA,2019,105.321
USA,2020,103.855
USA,2021,106.325
USA,2022,108.786
UZB,2003,1.24776
UZB,2004,2.09033
UZB,2005,2.73172
UZB,2006,9.47736
UZB,2007,21.0203
UZB,2008,45.0095
UZB,2009,58.7627
UZB,2010,73.8123
UZB,2011,88.2685
UZB,2012,69.2849
UZB,2013,72.332
UZB,2014,71.5985
UZB,2015,70.8415
UZB,2016,74.367
UZB,2017,76.2605
UZB,2018,71.7444
UZB,2019,101.26
UZB,2020,99.4064
UZB,2021,102.41
UZB,2022,105.472
VCT,2003,55.6041
VCT,2004,63.81
VCT,2005,62.8012
VCT,2006,78.2349
VCT,2007,99.0675
VCT,2008,117.176
VCT,2009,109.597
VCT,2010,119.855
VCT,2011,120.54
VCT,2012,116.789
VCT,2013,115.946
VCT,2014,106.958
VCT,2015,105.994
VCT,2016,105.924
VCT,2017,109.635
VCT,2018,107.164
VCT,2019,92.5178
VCT,2020,96.9438
VCT,2021,95.5174
VCT,2022,102.334
VEN,2003,27.093
VEN,2004,31.9693
VEN,2005,46.6505
VEN,2006,69.0163
VEN,2007,86.1507
VEN,2008,97.7211
VEN,2009,98.8933
VEN,2010,96.762
VEN,2011,98.6184
VEN,2012,103.435
VEN,2013,103.289
VEN,2014,100.905
VEN,2015,95.1578
VEN,2016,89.7131
VEN,2017,80.1355
VEN,2018,69.55
VEN,2019,63.8474
VEN,2020,58.1626
VEN,2021,60.2345
VEN,2022,66.4668
VNM,2003,3.44629
VNM,2004,6.17384
VNM,2005,11.8306
VNM,2006,22.9925
VNM,2007,53.835
VNM,2008,87.9033
VNM,2009,113.606
VNM,2010,127.574
VNM,2011,143.914
VNM,2012,147.104
VNM,2013,136.614
VNM,2014,148.504
VNM,2015,129.627
VNM,2016,128.298
VNM,2017,126.098
VNM,2018,146.138
VNM,2019,140.193
VNM,2020,141.656
VNM,2021,136.806
VNM,2022,137.852
VUT,2003,3.88551
VUT,2004,5.10619
VUT,2005,6.02202
VUT,2006,6.94692
VUT,2007,11.75
VUT,2008,15.8663
VUT,2009,56.5812
VUT,2010,71.3269
VUT,2011,56.2508
VUT,2012,58.6959
VUT,2013,50.0012
VUT,2014,59.9643
VUT,2015,65.6961
VUT,2016,80.3431
VUT,2017,81.8708
VUT,2018,88.1403
VUT,2019,90.8331
VUT,2020,82.391
VUT,2021,81.6914
VUT,2022,81.6203
YEM,2003,3.14667
YEM,2004,6.68019
YEM,2005,9.99364
YEM,2006,12.6482
YEM,2007,17.8838
YEM,2008,25.6651
YEM,2009,32.0622
YEM,2010,41.4325
YEM,2011,42.3016
YEM,2012,48.8857
YEM,2013,57.465
YEM,2014,56.5732
YEM,2015,48.2101
YEM,2016,51.179
YEM,2017,46.4111
YEM,2018,44.8811
YEM,2019,43.399
YEM,2020,42.0038
YEM,2021,47.809
YEM,2022,46.4534
ZAF,2003,34.7626
ZAF,2004,42.536
ZAF,2005,68.6198
ZAF,2006,79.3267
ZAF,2007,83.715
ZAF,2008,88.0375
ZAF,2009,89.7687
ZAF,2010,96.2325
ZAF,2011,120.766
ZAF,2012,127.168
ZAF,2013,140.576
ZAF,2014,142.604
ZAF,2015,155.138
ZAF,2016,143.929
ZAF,2017,153.548
ZAF,2018,157.692
ZAF,2019,162.739
ZAF,2020,158.447
ZAF,2021,163.128
ZAF,2022,160.729
ZMB,2003,2.19418
ZMB,2004,4.09548
ZMB,2005,8.10286
ZMB,2006,13.713
ZMB,2007,21.0029
ZMB,2008,27.1785
ZMB,2009,32.6653
ZMB,2010,39.0029
ZMB,2011,56.5499
ZMB,2012,70.5709
ZMB,2013,67.5096
ZMB,2014,63.6343
ZMB,2015,70.4778
ZMB,2016,71.0461
ZMB,2017,77.05
ZMB,2018,86.0723
ZMB,2019,93.0148
ZMB,2020,100.235
ZMB,2021,103.283
ZMB,2022,98.4373
ZWE,2003,2.97287
ZWE,2004,3.4429
ZWE,2005,5.18375
ZWE,2006,6.71982
ZWE,2007,9.57239
ZWE,2008,12.7687
ZWE,2009,30.3665
ZWE,2010,57.6496
ZWE,2011,67.6698
ZWE,2012,91.287
ZWE,2013,97.2838
ZWE,2014,83.0461
ZWE,2015,88.5992
ZWE,2016,88.21
ZWE,2017,95.1367
ZWE,2018,85.8627
ZWE,2019,86.4094
ZWE,2020,84.9604
ZWE,2021,90.2538
ZWE,2022,88.9958
