name,line,line_color,lon,lat,lon_end,lat_end
La Defense - Grande Arche,1,#ffbe00,2.237018056395013,48.892187076449495,2.247932435324861,48.88863121777117
Esplanade de la Defense,1,#ffbe00,2.247932435324861,48.88863121777117,2.260515077888117,48.884708201322525
Pont de Neuilly (Avenue de Madrid),1,#ffbe00,2.260515077888117,48.884708201322525,2.271686721050983,48.88119152058607
Les Sablons (Jardin d'acclimatation),1,#ffbe00,2.271686721050983,48.88119152058607,2.289322589613773,48.87559404986666
Argentine,1,#ffbe00,2.289322589613773,48.87559404986666,2.295904906076514,48.87514981973562
Charles De Gaulle-Etoile,1,#ffbe00,2.295904906076514,48.87514981973562,2.300560451248796,48.872023809500426
George-V,1,#ffbe00,2.300560451248796,48.872023809500426,2.30747079344783,48.86980822019895
Franklin D.Roosevelt,1,#ffbe00,2.30747079344783,48.86980822019895,2.313545549946741,48.86790534489708
Champs-Elysees-Clemenceau,1,#ffbe00,2.313545549946741,48.86790534489708,2.322943412243541,48.86628580458387
Concorde,1,#ffbe00,2.322943412243541,48.86628580458387,2.330129877112861,48.864343778733904
Tuileries,1,#ffbe00,2.330129877112861,48.864343778733904,2.336496462305488,48.862348030847805
Palais Royal-Musee du Louvre,1,#ffbe00,2.336496462305488,48.862348030847805,2.341108591634066,48.8608062912721
Louvre-Rivoli,1,#ffbe00,2.341108591634066,48.8608062912721,2.347305852747763,48.85879919807379
Chatelet,1,#ffbe00,2.347305852747763,48.85879919807379,2.351577562994996,48.85747798252934
Hotel de Ville,1,#ffbe00,2.351577562994996,48.85747798252934,2.360956488661,48.85523625279509
Saint-Paul (le Marais),1,#ffbe00,2.360956488661,48.85523625279509,2.369320584925386,48.852479422836296
Bastille,1,#ffbe00,2.369320584925386,48.852479422836296,2.374962918873459,48.84602764938301
Gare de Lyon,1,#ffbe00,2.374962918873459,48.84602764938301,2.386341706352171,48.84730378614118
Reuilly-Diderot,1,#ffbe00,2.386341706352171,48.84730378614118,2.395554512170687,48.84757936747706
Nation,1,#ffbe00,2.395554512170687,48.84757936747706,2.410140367974106,48.84715847940209
Porte de Vincennes,1,#ffbe00,2.410140367974106,48.84715847940209,2.41947990037451,48.84635698889294
Saint-Mande,1,#ffbe00,2.41947990037451,48.84635698889294,2.429205166347999,48.84547070758355
Berault,1,#ffbe00,2.429205166347999,48.84547070758355,2.440439978057245,48.84445639456911
Chateau de Vincennes,1,#ffbe00,2.440439978057245,48.84445639456911,NA,NA
Porte Maillot,1,#ffbe00,2.283162242230229,48.877551251804235,NA,NA
Nation,2,#0055c8,2.39506230542588,48.848474285974355,2.398302344267161,48.85151027816435
Avron,2,#0055c8,2.398302344267161,48.85151027816435,2.394561944560313,48.856377357181536
Alexandre Dumas,2,#0055c8,2.394561944560313,48.856377357181536,2.389729852353504,48.85846654943374
Philippe Auguste,2,#0055c8,2.389729852353504,48.85846654943374,2.387607288151709,48.86265401909354
Pere Lachaise,2,#0055c8,2.387607288151709,48.86265401909354,2.383383250455202,48.86680003509802
Menilmontant,2,#0055c8,2.383383250455202,48.86680003509802,2.380542585989342,48.869091162924974
Couronnes,2,#0055c8,2.380542585989342,48.869091162924974,2.376702144728944,48.87231011378309
Belleville,2,#0055c8,2.376702144728944,48.87231011378309,2.370811395312745,48.87761018741784
Colonel Fabien,2,#0055c8,2.370811395312745,48.87761018741784,2.370262126660263,48.88149859591007
Jaures,2,#0055c8,2.370262126660263,48.88149859591007,2.365881358169886,48.88427894428395
Stalingrad,2,#0055c8,2.365881358169886,48.88427894428395,2.360491318526144,48.88439879515333
La Chapelle,2,#0055c8,2.360491318526144,48.88439879515333,2.350613000688896,48.883803942408505
Barbes-Rochechouart,2,#0055c8,2.350613000688896,48.883803942408505,2.344130633722552,48.88286864756838
Anvers,2,#0055c8,2.344130633722552,48.88286864756838,2.337294790567404,48.882390150672364
Pigalle,2,#0055c8,2.337294790567404,48.882390150672364,2.33192659088504,48.88395857351673
Blanche,2,#0055c8,2.33192659088504,48.88395857351673,2.32783955611474,48.88361499223492
Place de Clichy,2,#0055c8,2.32783955611474,48.88361499223492,2.321274926766348,48.88222690081933
Rome,2,#0055c8,2.321274926766348,48.88222690081933,2.315176626220464,48.88115002847467
Villiers,2,#0055c8,2.315176626220464,48.88115002847467,2.309451167991542,48.88044945613849
Monceau,2,#0055c8,2.309451167991542,48.88044945613849,2.303528725370108,48.87921413424558
Courcelles,2,#0055c8,2.303528725370108,48.87921413424558,2.298310375124942,48.87797270142754
Ternes,2,#0055c8,2.298310375124942,48.87797270142754,2.295567369745454,48.87461392704214
Charles de Gaulle-Etoile,2,#0055c8,2.295567369745454,48.87461392704214,2.285335094686169,48.86979855646067
Victor Hugo,2,#0055c8,2.285335094686169,48.86979855646067,2.277083017052586,48.871466578127645
Porte Dauphine,2,#0055c8,2.277083017052586,48.871466578127645,NA,NA
Pont de Levallois-Becon,3,#6e6e00,2.279809586693101,48.897821067111316,2.285009502746195,48.89208278597479
Anatole France,3,#6e6e00,2.285009502746195,48.89208278597479,2.288083633048503,48.88870601977513
Louise Michel,3,#6e6e00,2.288083633048503,48.88870601977513,2.292582314102912,48.885793105231
Porte de Champerret,3,#6e6e00,2.292582314102912,48.885793105231,2.297724346480178,48.88489625515051
Pereire-Levallois,3,#6e6e00,2.297724346480178,48.88489625515051,2.304674440528395,48.88380920123337
Wagram,3,#6e6e00,2.304674440528395,48.88380920123337,2.309052264550479,48.88289191745412
Malesherbes,3,#6e6e00,2.309052264550479,48.88289191745412,2.315176626220464,48.88115002847467
Villiers,3,#6e6e00,2.315176626220464,48.88115002847467,2.3222652131188952,48.878770368486826
Europe,3,#6e6e00,2.3222652131188952,48.878770368486826,2.324574810293917,48.875006398055
Saint-Lazare,3,#6e6e00,2.324574810293917,48.875006398055,2.327543080363669,48.87351338958779
Havre-Caumartin,3,#6e6e00,2.327543080363669,48.87351338958779,2.331989522683247,48.8709917839485
Opera,3,#6e6e00,2.331989522683247,48.8709917839485,2.336218847521674,48.8695852434845
Quatre Septembre,3,#6e6e00,2.336218847521674,48.8695852434845,2.340720723674096,48.86869597784287
Bourse,3,#6e6e00,2.340720723674096,48.86869597784287,2.347516213278753,48.86730947497151
Sentier,3,#6e6e00,2.347516213278753,48.86730947497151,2.35206831805007,48.86634029928854
Reaumur Sebastopol,3,#6e6e00,2.35206831805007,48.86634029928854,2.356736756806097,48.865586477599685
Arts et Metiers,3,#6e6e00,2.356736756806097,48.865586477599685,2.361541532068171,48.86668268024131
Temple,3,#6e6e00,2.361541532068171,48.86668268024131,2.364247993752544,48.86702678756781
Republique,3,#6e6e00,2.364247993752544,48.86702678756781,2.374581969996412,48.86525378605432
Parmentier,3,#6e6e00,2.374581969996412,48.86525378605432,2.380797986183677,48.86408657475098
Saint-Maur,3,#6e6e00,2.380797986183677,48.86408657475098,2.385882449326147,48.863123214642066
Pere Lachaise,3,#6e6e00,2.385882449326147,48.863123214642066,2.398984440248072,48.864916685051824
Gambetta,3,#6e6e00,2.398984440248072,48.864916685051824,2.408031037075815,48.86460037337561
Porte de Bagnolet,3,#6e6e00,2.408031037075815,48.86460037337561,2.41669727285771,48.86533531726098
Gallieni (Parc de Bagnolet),3,#6e6e00,2.41669727285771,48.86533531726098,NA,NA
Mairie de Montrouge,4,#a0006e,2.319740313298555,48.8186764099126,NA,NA
Porte de Clignancourt,4,#a0006e,2.344847748752398,48.89740222289808,2.347765501718976,48.893941388029106
Simplon,4,#a0006e,2.347765501718976,48.893941388029106,2.349738407022141,48.89141683421295
Marcadet-Poissonniers,4,#a0006e,2.349738407022141,48.89141683421295,2.349694082202741,48.88737491055359
Chateau Rouge,4,#a0006e,2.349694082202741,48.88737491055359,2.349774443646268,48.883436188059335
Barbes-Rochechouart,4,#a0006e,2.349774443646268,48.883436188059335,2.356995164008545,48.87955128443897
Gare du Nord,4,#a0006e,2.356995164008545,48.87955128443897,2.357880771925327,48.875991064807195
Gare de l'Est,4,#a0006e,2.357880771925327,48.875991064807195,2.356044907672175,48.87242491448899
Chateau d'Eau,4,#a0006e,2.356044907672175,48.87242491448899,2.354391768393706,48.86949077450188
Strasbourg-Saint-Denis,4,#a0006e,2.354391768393706,48.86949077450188,2.352459744108264,48.86606968911555
Reaumur Sebastopol,4,#a0006e,2.352459744108264,48.86606968911555,2.348880652588475,48.86380743778125
Etienne Marcel,4,#a0006e,2.348880652588475,48.86380743778125,2.345673828222722,48.862316278695594
Les Halles,4,#a0006e,2.345673828222722,48.862316278695594,2.347564829748629,48.85838237030474
Chatelet,4,#a0006e,2.347564829748629,48.85838237030474,2.347321315727238,48.85493637655264
Cite,4,#a0006e,2.347321315727238,48.85493637655264,2.343285978923923,48.8531679848906
Saint-Michel,4,#a0006e,2.343285978923923,48.8531679848906,2.339727781593095,48.85230076309422
Odeon,4,#a0006e,2.339727781593095,48.85230076309422,2.333776136855683,48.85371893399261
Saint-Germain-des-Pres,4,#a0006e,2.333776136855683,48.85371893399261,2.331256291370013,48.851672245619895
Saint-Sulpice,4,#a0006e,2.331256291370013,48.851672245619895,2.326792785039298,48.84687823795213
Saint-Placide,4,#a0006e,2.326792785039298,48.84687823795213,2.3243970123974518,48.84378130483654
Montparnasse-Bienvenue,4,#a0006e,2.3243970123974518,48.84378130483654,2.329008926235402,48.842218413613516
Vavin,4,#a0006e,2.329008926235402,48.842218413613516,2.330754192086216,48.83896428071055
Raspail,4,#a0006e,2.330754192086216,48.83896428071055,2.331740130985348,48.83345085821349
Denfert-Rochereau,4,#a0006e,2.331740130985348,48.83345085821349,2.329705012620184,48.83111266037532
Mouton-Duvernet,4,#a0006e,2.329705012620184,48.83111266037532,2.327164649607824,48.8281884763135
Alesia,4,#a0006e,2.327164649607824,48.8281884763135,2.325575636212245,48.82341162898737
Porte d'Orleans,4,#a0006e,2.325575636212245,48.82341162898737,2.31974,48.81868
Place d'Italie,5,#ff5a00,2.35558027407791,48.83097267298835,2.3588234890971,48.8354953553826
Campo Formio,5,#ff5a00,2.3588234890971,48.8354953553826,2.360967167698854,48.838427296967566
Saint-Marcel,5,#ff5a00,2.360967167698854,48.838427296967566,2.365338652974602,48.84226538647532
Gare d'Austerlitz,5,#ff5a00,2.365338652974602,48.84226538647532,2.365873469406567,48.84651540419338
Quai de la Rapee,5,#ff5a00,2.365873469406567,48.84651540419338,2.368736572626168,48.85343696230163
Bastille,5,#ff5a00,2.368736572626168,48.85343696230163,2.370209338414258,48.85614070934924
Breguet-Sabin,5,#ff5a00,2.370209338414258,48.85614070934924,2.371913980089996,48.859873624370586
Richard Lenoir,5,#ff5a00,2.371913980089996,48.859873624370586,2.368410025658024,48.86465787961248
Oberkampf,5,#ff5a00,2.368410025658024,48.86465787961248,2.364264950425284,48.86738447288277
Republique,5,#ff5a00,2.364264950425284,48.86738447288277,2.361027466917371,48.87080998002082
Jacques Bonsergent,5,#ff5a00,2.361027466917371,48.87080998002082,2.358047505360746,48.876126352948894
Gare de l'Est,5,#ff5a00,2.358047505360746,48.876126352948894,2.357459346588716,48.87985014251204
Gare du Nord,5,#ff5a00,2.357459346588716,48.87985014251204,2.365893819935267,48.884420886363294
Stalingrad,5,#ff5a00,2.365893819935267,48.884420886363294,2.371001440751848,48.88314745138979
Jaures,5,#ff5a00,2.371001440751848,48.88314745138979,2.379663077480466,48.88521618209459
Laumiere,5,#ff5a00,2.379663077480466,48.88521618209459,2.386960017135177,48.88713486907655
Ourcq,5,#ff5a00,2.386960017135177,48.88713486907655,2.3921136977564,48.888503687861835
Porte de Pantin,5,#ff5a00,2.3921136977564,48.888503687861835,2.402352142536798,48.891228593196644
Hoche,5,#ff5a00,2.402352142536798,48.891228593196644,2.41331313951059,48.89325758997389
Eglise de Pantin,5,#ff5a00,2.41331313951059,48.89325758997389,2.425326888802467,48.89545467304616
Bobigny-Pantin (Raymond Queneau),5,#ff5a00,2.425326888802467,48.89545467304616,2.449189904488852,48.906374770270006
Bobigny-Pablo Picasso,5,#ff5a00,2.449189904488852,48.906374770270006,NA,NA
Nation,6,#82dc73,2.395461994832739,48.84737487872933,2.401289019827348,48.84506157994488
Picpus,6,#82dc73,2.401289019827348,48.84506157994488,2.400918538121599,48.841338250937554
Bel Air,6,#82dc73,2.400918538121599,48.841338250937554,2.395703289436393,48.83954964556867
Daumesnil,6,#82dc73,2.395703289436393,48.83954964556867,2.389620011336723,48.83904114370005
Dugommier,6,#82dc73,2.389620011336723,48.83904114370005,2.379911271454398,48.840388748095855
Bercy,6,#82dc73,2.379911271454398,48.840388748095855,2.372825721828786,48.83704511924431
Quai de la Gare,6,#82dc73,2.372825721828786,48.83704511924431,2.368126329061811,48.83494772234804
Chevaleret,6,#82dc73,2.368126329061811,48.83494772234804,2.362856399519011,48.83321671970984
Nationale,6,#82dc73,2.362856399519011,48.83321671970984,2.356121938797104,48.830927241000495
Place d'Italie,6,#82dc73,2.356121938797104,48.830927241000495,2.350414872010464,48.82979051369295
Corvisart,6,#82dc73,2.350414872010464,48.82979051369295,2.343511657749775,48.83112954802664
Glaciere,6,#82dc73,2.343511657749775,48.83112954802664,2.337135190607983,48.83290081654446
Saint-Jacques,6,#82dc73,2.337135190607983,48.83290081654446,2.33285230996089,48.83429298047319
Denfert-Rochereau,6,#82dc73,2.33285230996089,48.83429298047319,2.330754192086216,48.83896428071055
Raspail,6,#82dc73,2.330754192086216,48.83896428071055,2.326384610792846,48.840663229299565
Edgar Quinet,6,#82dc73,2.326384610792846,48.840663229299565,2.321278562744626,48.84210220720858
Montparnasse-Bienvenue,6,#82dc73,2.321278562744626,48.84210220720858,2.312812773474409,48.842676819975885
Pasteur,6,#82dc73,2.312812773474409,48.842676819975885,2.309531490098375,48.84562696673931
Sevres-Lecourbe,6,#82dc73,2.309531490098375,48.84562696673931,2.302968299191959,48.84750708110546
Cambronne,6,#82dc73,2.302968299191959,48.84750708110546,2.298930911748061,48.8487416657178
La Motte Picquet-Grenelle,6,#82dc73,2.298930911748061,48.8487416657178,2.293612439913188,48.8504345490295
Dupleix,6,#82dc73,2.293612439913188,48.8504345490295,2.289334532766542,48.85394260711305
Bir-Hakeim (Grenelle),6,#82dc73,2.289334532766542,48.85394260711305,2.28581244413408,48.8574486909751
Passy,6,#82dc73,2.28581244413408,48.8574486909751,2.287580162529651,48.86361093764566
Trocadero,6,#82dc73,2.287580162529651,48.86361093764566,2.290058834931355,48.86698311035681
Boissiere,6,#82dc73,2.290058834931355,48.86698311035681,2.29352429034182,48.87164976914353
Kleber,6,#82dc73,2.29352429034182,48.87164976914353,2.295560256213146,48.874748650679884
Charles de Gaulle-Etoile,6,#82dc73,2.295560256213146,48.874748650679884,NA,NA
Mairie d'Ivry,7,#ff82b4,2.383551479649113,48.81109919771151,2.377267200151936,48.81593076304921
Pierre Curie,7,#ff82b4,2.377267200151936,48.81593076304921,2.369290587346029,48.82135578381407
Porte d'Ivry,7,#ff82b4,2.369290587346029,48.82135578381407,2.364531951747296,48.819876221049874
Porte de Choisy,7,#ff82b4,2.364531951747296,48.819876221049874,2.35970521674602,48.81922334960905
Porte d'Italie,7,#ff82b4,2.35970521674602,48.81922334960905,NA,NA
Villejuif-Louis Aragon,7,#ff82b4,2.367804106975456,48.78756279205349,2.36826954143277,48.79648308275903
Villejuif-Paul Vaillant-Couturier,7,#ff82b4,2.36826954143277,48.79648308275903,2.363953196602165,48.804688120911365
Villejuif-Leo Lagrange,7,#ff82b4,2.363953196602165,48.804688120911365,2.362263387127348,48.81012995727392
Le Kremlin-Bicetre,7,#ff82b4,2.362263387127348,48.81012995727392,2.358473883854336,48.82243783458549
Maison Blanche,7,#ff82b4,2.358473883854336,48.82243783458549,2.357245650758685,48.82642601087566
Tolbiac,7,#ff82b4,2.357245650758685,48.82642601087566,2.355643643022594,48.83143363103184
Place d'Italie,7,#ff82b4,2.355643643022594,48.83143363103184,2.352588925635323,48.83586348417992
Les Gobelins,7,#ff82b4,2.352588925635323,48.83586348417992,2.351739487166926,48.84048665264119
Censier-Daubenton,7,#ff82b4,2.351739487166926,48.84048665264119,2.352224728183083,48.84286683068265
Place Monge (Jardin des Plantes),7,#ff82b4,2.352224728183083,48.84286683068265,2.355050263061039,48.84595066664206
Jussieu,7,#ff82b4,2.355050263061039,48.84595066664206,2.36198514100077,48.85123768038418
Sully-Morland,7,#ff82b4,2.36198514100077,48.85123768038418,2.357162571618336,48.853575472503586
Pont Marie (Cite des Arts),7,#ff82b4,2.357162571618336,48.853575472503586,2.347711879934218,48.857059966289775
Chatelet,7,#ff82b4,2.347711879934218,48.857059966289775,2.342232759368107,48.85855382636667
Pont Neuf (La Monnaie),7,#ff82b4,2.342232759368107,48.85855382636667,2.336878397596705,48.86282967278996
Palais Royal-Musee du Louvre,7,#ff82b4,2.336878397596705,48.86282967278996,2.334330724377939,48.86598092048643
Pyramides,7,#ff82b4,2.334330724377939,48.86598092048643,2.332407406427906,48.870486703270174
Opera,7,#ff82b4,2.332407406427906,48.870486703270174,2.333451218577799,48.87310927430917
Chaussee d'Antin (La Fayette),7,#ff82b4,2.333451218577799,48.87310927430917,2.340199884385169,48.87487434337736
Le Peletier,7,#ff82b4,2.340199884385169,48.87487434337736,2.344126030464425,48.8758906818937
Cadet,7,#ff82b4,2.344126030464425,48.8758906818937,2.349293902476004,48.8772363191366
Poissonniere,7,#ff82b4,2.349293902476004,48.8772363191366,2.358057904336898,48.87627270348875
Gare de l'Est,7,#ff82b4,2.358057904336898,48.87627270348875,2.362160071922951,48.87856562579959
Chateau-Landon,7,#ff82b4,2.362160071922951,48.87856562579959,2.365544319172476,48.88128581185831
Louis Blanc,7,#ff82b4,2.365544319172476,48.88128581185831,2.36939198436133,48.88438514535302
Stalingrad,7,#ff82b4,2.36939198436133,48.88438514535302,2.374204012035862,48.88826761697048
Riquet,7,#ff82b4,2.374204012035862,48.88826761697048,2.377315755595573,48.89078896952843
Crimee,7,#ff82b4,2.377315755595573,48.89078896952843,2.382522343415364,48.894836468401735
Corentin-Cariou,7,#ff82b4,2.382522343415364,48.894836468401735,2.385508387679287,48.89738989068258
Porte de la Villette,7,#ff82b4,2.385508387679287,48.89738989068258,2.392287059642348,48.90375993017085
Aubervilliers-Pantin (4 Chemins),7,#ff82b4,2.392287059642348,48.90375993017085,2.404409087427757,48.91494975637021
Fort d'Aubervilliers,7,#ff82b4,2.404409087427757,48.91494975637021,2.410598613730137,48.92078596994867
La Courneuve 8 Mai 1945,7,#ff82b4,2.410598613730137,48.92078596994867,NA,NA
Creteil-Prefecture (Hotel de Ville),8,#d282be,2.459368396259052,48.77990531695966,2.464564993211322,48.76871512527143
Creteil-Pointe du Lac,8,#d282be,2.464564993211322,48.76871512527143,2.450453177915301,48.789978310348914
Creteil-Universite,8,#d282be,2.450453177915301,48.789978310348914,2.449433175686986,48.79674076658305
Creteil-L'Echat (Hopital Mondor),8,#d282be,2.449433175686986,48.79674076658305,2.446927484242136,48.80263769071807
Maisons-Alfort-Les Juilliottes,8,#d282be,2.446927484242136,48.80263769071807,2.434509895933691,48.80914436093604
Maisons-Alfort-Stade,8,#d282be,2.434509895933691,48.80914436093604,2.422376142845623,48.81480300700046
Ecole Veterinaire de Maisons-Alfort,8,#d282be,2.422376142845623,48.81480300700046,2.41373751751673,48.821595767321725
Charenton-Ecoles,8,#d282be,2.41373751751673,48.821595767321725,2.406742225927991,48.826054996548
Liberte,8,#d282be,2.406742225927991,48.826054996548,2.401448054218978,48.83316292950388
Porte de Charenton,8,#d282be,2.401448054218978,48.83316292950388,2.405383210626771,48.8347851580814
Porte Doree,8,#d282be,2.405383210626771,48.8347851580814,2.402333165917443,48.8371170069955
Michel Bizot,8,#d282be,2.402333165917443,48.8371170069955,2.3961828864526322,48.8394454283795
Daumesnil,8,#d282be,2.3961828864526322,48.8394454283795,2.390075112820029,48.8444086720789
Montgallet,8,#d282be,2.390075112820029,48.8444086720789,2.387025242109209,48.84712872134133
Reuilly Diderot,8,#d282be,2.387025242109209,48.84712872134133,2.384092210066296,48.85017786190035
Faidherbe Chaligny,8,#d282be,2.384092210066296,48.85017786190035,2.376118773339344,48.85127112636521
Ledru Rollin,8,#d282be,2.376118773339344,48.85127112636521,2.369513569519206,48.85343942757557
Bastille,8,#d282be,2.369513569519206,48.85343942757557,2.368108290701383,48.85742003754713
Chemin Vert,8,#d282be,2.368108290701383,48.85742003754713,2.367210866411707,48.8611688654878
Saint-Sebastien-Froissart,8,#d282be,2.367210866411707,48.8611688654878,2.36666109471649,48.86325794496609
Filles du Calvaire,8,#d282be,2.36666109471649,48.86325794496609,2.36395783649627,48.86715872533789
Republique,8,#d282be,2.36395783649627,48.86715872533789,2.354603790697162,48.869224171652384
Strasbourg-Saint-Denis,8,#d282be,2.354603790697162,48.869224171652384,2.350497971863091,48.87016420090055
Bonne Nouvelle,8,#d282be,2.350497971863091,48.87016420090055,2.343154773075232,48.871497739350026
Grands Boulevards (Rue Montmartre),8,#d282be,2.343154773075232,48.871497739350026,2.339030546723062,48.87178660205623
Richelieu-Drouot,8,#d282be,2.339030546723062,48.87178660205623,2.332138599587432,48.87064173234302
Opera,8,#d282be,2.332138599587432,48.87064173234302,2.326272274027748,48.8696331730249
Madeleine,8,#d282be,2.326272274027748,48.8696331730249,2.322082848687872,48.86681836895081
Concorde,8,#d282be,2.322082848687872,48.86681836895081,2.315138432191171,48.86232532909371
Invalides,8,#d282be,2.315138432191171,48.86232532909371,2.310565960946845,48.857725412893444
La Tour Maubourg,8,#d282be,2.310565960946845,48.857725412893444,2.306097403704284,48.85468215688773
Ecole Militaire,8,#d282be,2.306097403704284,48.85468215688773,2.298301401728378,48.849350553620916
La Motte Picquet-Grenelle,8,#d282be,2.298301401728378,48.849350553620916,2.293951963636534,48.84479476461108
Commerce,8,#d282be,2.293951963636534,48.84479476461108,2.291912413317874,48.84274677979287
Felix Faure,8,#d282be,2.291912413317874,48.84274677979287,2.287945766499664,48.84109405634958
Boucicaut,8,#d282be,2.287945766499664,48.84109405634958,2.28270002723913,48.83896093937201
Lourmel,8,#d282be,2.28270002723913,48.83896093937201,2.278161671278975,48.83593087919466
Balard,8,#d282be,2.278161671278975,48.83593087919466,NA,NA
Mairie de Montreuil,9,#d2d200,2.441310941253408,48.86193691413299,2.435555715694055,48.85796559116602
Croix de Chavaux (Jacques Duclos),9,#d2d200,2.435555715694055,48.85796559116602,2.422983216145875,48.85572642863313
Robespierre,9,#d2d200,2.422983216145875,48.85572642863313,2.41062642573733,48.853543916083574
Porte de Montreuil,9,#d2d200,2.41062642573733,48.853543916083574,2.406089161879022,48.852725119270836
Maraichers,9,#d2d200,2.406089161879022,48.852725119270836,2.401022270517142,48.85181213300196
Buzenval,9,#d2d200,2.401022270517142,48.85181213300196,2.395879435185689,48.84894464506382
Nation,9,#d2d200,2.395879435185689,48.84894464506382,2.389378127918612,48.85231542739916
Rue des Boulets,9,#d2d200,2.389378127918612,48.85231542739916,2.385563480822885,48.85458049908101
Charonne,9,#d2d200,2.385563480822885,48.85458049908101,2.380718785856269,48.85745372268131
Voltaire (Leon Blum),9,#d2d200,2.380718785856269,48.85745372268131,2.37473343128132,48.86101925991958
Saint-Ambroise,9,#d2d200,2.37473343128132,48.86101925991958,2.368496387112845,48.864727620725915
Oberkampf,9,#d2d200,2.368496387112845,48.864727620725915,2.364234945646939,48.867111638584994
Republique,9,#d2d200,2.364234945646939,48.867111638584994,2.354603790697162,48.869224171652384
Strasbourg-Saint-Denis,9,#d2d200,2.354603790697162,48.869224171652384,2.350497971863091,48.87016420090055
Bonne Nouvelle,9,#d2d200,2.350497971863091,48.87016420090055,2.343154773075232,48.871497739350026
Grands Boulevards (Rue Montmartre),9,#d2d200,2.343154773075232,48.871497739350026,2.339115039269688,48.872152352587385
Richelieu-Drouot,9,#d2d200,2.339115039269688,48.872152352587385,2.333479131845596,48.872937657673795
Chaussee d'Antin (La Fayette),9,#d2d200,2.333479131845596,48.872937657673795,2.327695409630173,48.87371340670773
Havre-Caumartin,9,#d2d200,2.327695409630173,48.87371340670773,2.321361928104079,48.87455838471092
Saint-Augustin,9,#d2d200,2.321361928104079,48.87455838471092,2.314606321619312,48.87370952773763
Miromesnil,9,#d2d200,2.314606321619312,48.87370952773763,2.310038344619937,48.872422383651006
Saint-Philippe du Roule,9,#d2d200,2.310038344619937,48.872422383651006,2.309505157337886,48.86869984735293
Franklin D.Roosevelt,9,#d2d200,2.309505157337886,48.86869984735293,2.300991003495584,48.86476684497176
Alma-Marceau,9,#d2d200,2.300991003495584,48.86476684497176,2.294162018108231,48.86479406581556
Iena,9,#d2d200,2.294162018108231,48.86479406581556,2.286243170691257,48.86306502022606
Trocadero,9,#d2d200,2.286243170691257,48.86306502022606,2.278112558447475,48.863974445782915
Rue de la Pompe (Av. G. Mandel),9,#d2d200,2.278112558447475,48.863974445782915,2.274154631086919,48.858046056292
La Muette,9,#d2d200,2.274154631086919,48.858046056292,2.270109138941893,48.85548505040442
Ranelagh,9,#d2d200,2.270109138941893,48.85548505040442,2.26817674943596,48.85250409061289
Jasmin,9,#d2d200,2.26817674943596,48.85250409061289,2.264082030746221,48.847895650208415
Michel Ange-Auteuil,9,#d2d200,2.264082030746221,48.847895650208415,2.261745124963671,48.84505817231373
Michel Ange-Molitor,9,#d2d200,2.261745124963671,48.84505817231373,2.260032902212424,48.842938695862536
Exelmans,9,#d2d200,2.260032902212424,48.842938695862536,2.257122229845437,48.837961213537035
Porte de Saint-Cloud,9,#d2d200,2.257122229845437,48.837961213537035,2.243840592379736,48.833708849103964
Marcel Sembat,9,#d2d200,2.243840592379736,48.833708849103964,2.2386393485754,48.83211056011021
Billancourt,9,#d2d200,2.2386393485754,48.83211056011021,2.23079959131722,48.82967484383874
Pont de Sevres,9,#d2d200,2.23079959131722,48.82967484383874,NA,NA
Boulogne-Pont de Saint-Cloud,10,#dc9600,2.228536981504941,48.84074501522689,2.23888732579071,48.84200534728088
Boulogne-Jean Jaures,10,#dc9600,2.23888732579071,48.84200534728088,2.269135872730268,48.847150055709754
Eglise d'Auteuil,10,#dc9600,2.269135872730268,48.847150055709754,2.26421877705025,48.84793480790043
Michel Ange-Auteuil,10,#dc9600,2.26421877705025,48.84793480790043,2.257744680376011,48.8479715405977
Porte d'Auteuil,10,#dc9600,2.257744680376011,48.8479715405977,2.261623492404885,48.84524756545477
Michel Ange-Molitor,10,#dc9600,2.261623492404885,48.84524756545477,2.266441543081952,48.84520470358952
Chardon Lagache,10,#dc9600,2.266441543081952,48.84520470358952,2.272763753316159,48.847131008196236
Mirabeau,10,#dc9600,2.272763753316159,48.847131008196236,2.277711739827637,48.846123666874924
Javel-Andre Citroen,10,#dc9600,2.277711739827637,48.846123666874924,2.285999223421597,48.84653463673932
Charles Michels,10,#dc9600,2.285999223421597,48.84653463673932,2.295420478027581,48.84701958188098
Avenue Emile Zola,10,#dc9600,2.295420478027581,48.84701958188098,2.298301401728378,48.849350553620916
La Motte Picquet-Grenelle,10,#dc9600,2.298301401728378,48.849350553620916,2.30740224061964,48.84706613315244
Segur,10,#dc9600,2.30740224061964,48.84706613315244,2.317005235737245,48.84698910613952
Duroc,10,#dc9600,2.317005235737245,48.84698910613952,2.32125786290546,48.8488163724703
Vaneau,10,#dc9600,2.32125786290546,48.8488163724703,2.326488473969164,48.85119234932185
Sevres-Babylone,10,#dc9600,2.326488473969164,48.85119234932185,2.335502053090325,48.85301676792474
Mabillon,10,#dc9600,2.335502053090325,48.85301676792474,2.33964633593288,48.8521672611165
Odeon,10,#dc9600,2.33964633593288,48.8521672611165,2.344273345421351,48.85105028231429
Cluny-la Sorbonne,10,#dc9600,2.344273345421351,48.85105028231429,2.348054290484543,48.85012732379642
Maubert-Mutualite,10,#dc9600,2.348054290484543,48.85012732379642,2.351623256378513,48.84665685125003
Cardinal Lemoine,10,#dc9600,2.351623256378513,48.84665685125003,2.354917983696272,48.84615112308059
Jussieu,10,#dc9600,2.354917983696272,48.84615112308059,2.365184812004335,48.84243679702546
Gare d'Austerlitz,10,#dc9600,2.365184812004335,48.84243679702546,NA,NA
Chatelet,11,#6e491e,2.348308895125138,48.85755635936964,2.351008461394824,48.85745183264241
Hotel de Ville,11,#6e491e,2.351008461394824,48.85745183264241,2.353495740128162,48.86120499032301
Rambuteau,11,#6e491e,2.353495740128162,48.86120499032301,2.3567298691737,48.86532271167805
Arts et Metiers,11,#6e491e,2.3567298691737,48.86532271167805,2.363826143977407,48.867503423778835
Republique,11,#6e491e,2.363826143977407,48.867503423778835,2.3710948397312,48.869957512703
Goncourt (Hopital Saint-Louis),11,#6e491e,2.3710948397312,48.869957512703,2.37659368274432,48.87184879375486
Belleville,11,#6e491e,2.37659368274432,48.87184879375486,2.385316215101791,48.87388185415815
Pyrenees,11,#6e491e,2.385316215101791,48.87388185415815,2.389415032035527,48.87511181695598
Jourdain,11,#6e491e,2.389415032035527,48.87511181695598,2.393056093323957,48.8768063892198
Place des Fetes,11,#6e491e,2.393056093323957,48.8768063892198,2.398867593898875,48.87547445666545
Telegraphe,11,#6e491e,2.398867593898875,48.87547445666545,2.406480156998485,48.877174819305466
Porte des Lilas,11,#6e491e,2.406480156998485,48.877174819305466,2.416479643671439,48.879761253997195
Mairie des Lilas,11,#6e491e,2.416479643671439,48.879761253997195,NA,NA
Front Populaire,12,#00643c,2.365920319400959,48.906567145980276,2.359507868815593,48.89724528809303
Porte de la Chapelle,12,#00643c,2.359507868815593,48.89724528809303,2.359995766405675,48.890485453847326
Marx Dormoy,12,#00643c,2.359995766405675,48.890485453847326,2.349815451854587,48.89146500032527
Marcadet-Poissonniers,12,#00643c,2.349815451854587,48.89146500032527,2.34465700412862,48.8924395904821
Jules Joffrin,12,#00643c,2.34465700412862,48.8924395904821,2.338760649199276,48.889674071188125
Lamarck-Caulaincourt,12,#00643c,2.338760649199276,48.889674071188125,2.337949777055662,48.88459420803533
Abbesses,12,#00643c,2.337949777055662,48.88459420803533,2.337081682514973,48.88251938563631
Pigalle,12,#00643c,2.337081682514973,48.88251938563631,2.33759508282035,48.878425257628614
Saint-Georges,12,#00643c,2.33759508282035,48.878425257628614,2.337886489069273,48.876026211608526
Notre-Dame-de-Lorette,12,#00643c,2.337886489069273,48.876026211608526,2.332543027297522,48.87631796226446
Trinite d'Estienne d'Orves,12,#00643c,2.332543027297522,48.87631796226446,2.326785200261765,48.87545377046187
Saint-Lazare,12,#00643c,2.326785200261765,48.87545377046187,2.325164109535878,48.870099732848466
Madeleine,12,#00643c,2.325164109535878,48.870099732848466,2.323175680856618,48.86616711494918
Concorde,12,#00643c,2.323175680856618,48.86616711494918,2.320998191954084,48.8607869635267
Assemblee Nationale,12,#00643c,2.320998191954084,48.8607869635267,2.323154855841107,48.858511129873776
Solferino,12,#00643c,2.323154855841107,48.858511129873776,2.325712422170926,48.855550940165315
Rue du Bac,12,#00643c,2.325712422170926,48.855550940165315,2.326822568897497,48.85176205249547
Sevres-Babylone,12,#00643c,2.326822568897497,48.85176205249547,2.327782127147534,48.84845784854178
Rennes,12,#00643c,2.327782127147534,48.84845784854178,2.328778026901661,48.84494263252667
Notre-Dame-des-Champs,12,#00643c,2.328778026901661,48.84494263252667,2.324353041157966,48.843735489318526
Montparnasse Bienvenue,12,#00643c,2.324353041157966,48.843735489318526,2.317852783041332,48.84447014129586
Falguiere,12,#00643c,2.317852783041332,48.84447014129586,2.312447513065986,48.842871275006324
Pasteur,12,#00643c,2.312447513065986,48.842871275006324,2.30794867933675,48.84150552236794
Volontaires,12,#00643c,2.30794867933675,48.84150552236794,2.301107514879988,48.83951658539452
Vaugirard (Adolphe Cheriou),12,#00643c,2.301107514879988,48.83951658539452,2.296630343233871,48.837307494582205
Convention,12,#00643c,2.296630343233871,48.837307494582205,2.288022141100324,48.832449099143346
Porte de Versailles,12,#00643c,2.288022141100324,48.832449099143346,2.27941168205042,48.82708544889642
Corentin Celton,12,#00643c,2.27941168205042,48.82708544889642,2.273041525142414,48.82410503068897
Mairie d'Issy,12,#00643c,2.273041525142414,48.82410503068897,NA,NA
Chatillon-Montrouge,13,#82c8e6,2.301678555458344,48.810746488579554,2.297077798334658,48.81530753120821
Malakoff-Rue Etienne Dolet,13,#82c8e6,2.297077798334658,48.81530753120821,2.298464191970635,48.82258370683771
Malakoff-Plateau de Vanves,13,#82c8e6,2.298464191970635,48.82258370683771,2.305534669653894,48.827795543495355
Porte de Vanves,13,#82c8e6,2.305534669653894,48.827795543495355,2.314122323470855,48.831825649586285
Plaisance,13,#82c8e6,2.314122323470855,48.831825649586285,2.31807828549193,48.833936392650784
Pernety,13,#82c8e6,2.31807828549193,48.833936392650784,2.322491749824626,48.83863164624486
Gaite,13,#82c8e6,2.322491749824626,48.83863164624486,2.320984835629297,48.84232743773421
Montparnasse-Bienvenue,13,#82c8e6,2.320984835629297,48.84232743773421,2.316424352062688,48.847052554528844
Duroc,13,#82c8e6,2.316424352062688,48.847052554528844,2.314408121496151,48.851441705641726
Saint-Francois-Xavier,13,#82c8e6,2.314408121496151,48.851441705641726,2.315056637317088,48.85687137924917
Varenne,13,#82c8e6,2.315056637317088,48.85687137924917,2.313909577788541,48.86236470412589
Invalides,13,#82c8e6,2.313909577788541,48.86236470412589,2.313894129118469,48.86760214521368
Champs-Elysees-Clemenceau,13,#82c8e6,2.313894129118469,48.86760214521368,2.314456036188806,48.873769988696125
Miromesnil,13,#82c8e6,2.314456036188806,48.873769988696125,2.324818285061554,48.875354957683456
Saint-Lazare,13,#82c8e6,2.324818285061554,48.875354957683456,2.327022200889502,48.879634760656806
Liege,13,#82c8e6,2.327022200889502,48.879634760656806,2.327243411950875,48.883804528041445
Place de Clichy,13,#82c8e6,2.327243411950875,48.883804528041445,2.325779674806891,48.887183946865775
La Fourche,13,#82c8e6,2.325779674806891,48.887183946865775,2.320174755787803,48.89058718660406
Brochant,13,#82c8e6,2.320174755787803,48.89058718660406,2.313772158769624,48.89425226224654
Porte de Clichy,13,#82c8e6,2.313772158769624,48.89425226224654,2.305924149869318,48.903330094573725
Mairie de Clichy,13,#82c8e6,2.305924149869318,48.903330094573725,2.294685111702555,48.91638230992209
Gabriel Peri-Asnieres-Gennevilliers,13,#82c8e6,2.294685111702555,48.91638230992209,NA,NA
Guy Moquet,13,#82c8e6,2.327428458503176,48.89282885338916,2.328942812779893,48.897374795529515
Porte de Saint-Ouen,13,#82c8e6,2.328942812779893,48.897374795529515,2.33183083796241,48.90609405024862
Garibaldi,13,#82c8e6,2.33183083796241,48.90609405024862,2.333924890479714,48.91196489788087
Mairie de Saint-Ouen,13,#82c8e6,2.333924890479714,48.91196489788087,2.343305930512596,48.91957307405852
Carrefour Pleyel,13,#82c8e6,2.343305930512596,48.91957307405852,2.356035794172796,48.929935889678674
Saint-Denis-Porte de Paris,13,#82c8e6,2.356035794172796,48.929935889678674,2.359398261032671,48.936526852586724
Basilique de Saint-Denis,13,#82c8e6,2.359398261032671,48.936526852586724,2.364541763486512,48.945845657765744
Saint-Denis-Universite,13,#82c8e6,2.364541763486512,48.945845657765744,NA,NA
Les Agnettes-Asnieres-Gennevilliers,13,#82c8e6,2.286279577529782,48.923103779666015,2.284174448283296,48.930757003336275
Les Courtilles-Asnieres-Gennevilliers,13,#82c8e6,2.284174448283296,48.930757003336275,NA,NA
Saint-Lazare,14,#640082,2.324256032653556,48.87576459402023,2.325752635286725,48.87066702089793
Madeleine,14,#640082,2.325752635286725,48.87066702089793,2.334189541968249,48.86590673959415
Pyramides,14,#640082,2.334189541968249,48.86590673959415,2.347944311105258,48.857708819688476
Chatelet,14,#640082,2.347944311105258,48.857708819688476,2.373014219940095,48.843985582017524
Gare de Lyon,14,#640082,2.373014219940095,48.843985582017524,2.379554011203434,48.840001389548114
Bercy,14,#640082,2.379554011203434,48.840001389548114,2.386632402066984,48.83333855925166
Cour Saint-Emilion,14,#640082,2.386632402066984,48.83333855925166,2.375748144341912,48.82999028168356
Bibliotheque Francois Mitterrand,14,#640082,2.375748144341912,48.82999028168356,2.368032647756258,48.82727083603917
Olympiades,14,#640082,2.368032647756258,48.82727083603917,NA,NA
